-- phpMyAdmin SQL Dump
-- version 4.6.6deb5
-- https://www.phpmyadmin.net/
--
-- Host: localhost:3306
-- Generation Time: Jul 26, 2019 at 06:47 PM
-- Server version: 5.7.26-0ubuntu0.18.04.1
-- PHP Version: 7.2.20-1+ubuntu18.04.1+deb.sury.org+1

SET SQL_MODE = "NO_AUTO_VALUE_ON_ZERO";
SET time_zone = "+00:00";


/*!40101 SET @OLD_CHARACTER_SET_CLIENT=@@CHARACTER_SET_CLIENT */;
/*!40101 SET @OLD_CHARACTER_SET_RESULTS=@@CHARACTER_SET_RESULTS */;
/*!40101 SET @OLD_COLLATION_CONNECTION=@@COLLATION_CONNECTION */;
/*!40101 SET NAMES utf8mb4 */;

--
-- Database: `dashboardDB`
--

-- --------------------------------------------------------

--
-- Table structure for table `Alerts`
--

CREATE TABLE `Alerts` (
  `alert_id` int(11) NOT NULL,
  `alert` text NOT NULL,
  `alert_type_id` int(11) NOT NULL
) ENGINE=InnoDB DEFAULT CHARSET=latin1;

--
-- Dumping data for table `Alerts`
--

INSERT INTO `Alerts` (`alert_id`, `alert`, `alert_type_id`) VALUES
(1, 'Alert 1', 1),
(2, 'Alert 2', 2),
(3, 'Alert 3', 6),
(4, 'Alert 4', 3),
(5, 'Alert 5', 2),
(6, 'Alert 6', 4),
(7, 'Alert 7', 7),
(8, 'Alert 8', 5),
(9, 'Alert 9', 1),
(10, 'Alert 10', 3),
(11, 'Alert 11', 6),
(12, 'Alert 12', 2),
(13, 'Alert 13', 1),
(14, 'Alert 14', 7),
(15, 'Alert 15', 1),
(16, 'Alert 16', 7),
(17, 'Alert 17', 3);

-- --------------------------------------------------------

--
-- Table structure for table `Alert_Type`
--

CREATE TABLE `Alert_Type` (
  `alert_type_id` int(11) NOT NULL,
  `alert_type` text NOT NULL
) ENGINE=InnoDB DEFAULT CHARSET=latin1;

--
-- Dumping data for table `Alert_Type`
--

INSERT INTO `Alert_Type` (`alert_type_id`, `alert_type`) VALUES
(1, 'Alert Type 1'),
(2, 'Alert Type 2'),
(3, 'Alert Type 3'),
(4, 'Alert Type 4'),
(5, 'Alert Type 5'),
(6, 'Alert Type 6'),
(7, 'Alert Type 7');

-- --------------------------------------------------------

--
-- Table structure for table `Articles`
--

CREATE TABLE `Articles` (
  `article_id` int(11) NOT NULL,
  `article_name` text NOT NULL,
  `topic_id` int(11) NOT NULL
) ENGINE=InnoDB DEFAULT CHARSET=latin1;

--
-- Dumping data for table `Articles`
--

INSERT INTO `Articles` (`article_id`, `article_name`, `topic_id`) VALUES
(1, 'Article 1', 1),
(2, 'Article 2', 5),
(3, 'Article 3', 2),
(4, 'Article 4', 6),
(5, 'Article 5', 1),
(6, 'Article 6', 7),
(7, 'Article 7', 4),
(8, 'Article 8', 2),
(9, 'Article 9', 8),
(10, 'Article 10', 3),
(11, 'Article 11', 9),
(12, 'Article 12', 10),
(13, 'Article 13', 7),
(14, 'Article 14', 4),
(15, 'Article 15', 6),
(16, 'Article 16', 4),
(17, 'Article 17', 3),
(18, 'Article 18', 8),
(19, 'Article 19', 10),
(20, 'Article 20', 4);

-- --------------------------------------------------------

--
-- Table structure for table `Article_Shares`
--

CREATE TABLE `Article_Shares` (
  `user_id` int(11) NOT NULL,
  `article_share_id` int(11) NOT NULL
) ENGINE=InnoDB DEFAULT CHARSET=latin1;

--
-- Dumping data for table `Article_Shares`
--

INSERT INTO `Article_Shares` (`user_id`, `article_share_id`) VALUES
(2, 4),
(1, 5),
(3, 9),
(4, 3),
(5, 8),
(6, 6),
(7, 15),
(8, 20),
(9, 19),
(10, 7),
(11, 1),
(12, 2),
(10, 4),
(5, 11),
(2, 9),
(7, 11),
(1, 7),
(8, 17),
(9, 19),
(12, 9),
(7, 12),
(5, 10);

-- --------------------------------------------------------

--
-- Table structure for table `Article_Views`
--

CREATE TABLE `Article_Views` (
  `user_id` int(11) NOT NULL,
  `article_view_id` int(11) NOT NULL
) ENGINE=InnoDB DEFAULT CHARSET=latin1;

--
-- Dumping data for table `Article_Views`
--

INSERT INTO `Article_Views` (`user_id`, `article_view_id`) VALUES
(1, 4),
(2, 5),
(3, 8),
(4, 11),
(5, 13),
(6, 15),
(7, 13),
(8, 12),
(9, 11),
(10, 10),
(11, 17),
(12, 9),
(4, 8),
(7, 4),
(7, 19),
(5, 20),
(3, 19),
(4, 17),
(9, 15),
(13, 8),
(17, 13),
(14, 13),
(7, 12),
(6, 18);

-- --------------------------------------------------------

--
-- Table structure for table `Menu`
--

CREATE TABLE `Menu` (
  `id` int(11) NOT NULL,
  `menu_items` text NOT NULL,
  `menu_link` varchar(100) DEFAULT ''
) ENGINE=InnoDB DEFAULT CHARSET=latin1;

--
-- Dumping data for table `Menu`
--

INSERT INTO `Menu` (`id`, `menu_items`, `menu_link`) VALUES
(8, 'Admins', NULL),
(3, 'Clinician Corner', ''),
(1, 'Dashboard', 'http://localhost/dashboard/pages/Dashboard.php'),
(12, 'Log Out', 'http://localhost/dashboard/pages/logout.php'),
(11, 'My Profile', NULL),
(2, 'On-Demand Content', ''),
(10, 'Patient Advocacy', NULL),
(6, 'Products', NULL),
(9, 'Resources', NULL),
(5, 'Skillsets', NULL),
(7, 'Treatment Tracks', NULL),
(4, 'Users', NULL);

-- --------------------------------------------------------

--
-- Table structure for table `Messages`
--

CREATE TABLE `Messages` (
  `message_id` int(11) NOT NULL,
  `message` text NOT NULL,
  `created_by_id` int(11) NOT NULL,
  `date_created` date NOT NULL
) ENGINE=InnoDB DEFAULT CHARSET=latin1;

--
-- Dumping data for table `Messages`
--

INSERT INTO `Messages` (`message_id`, `message`, `created_by_id`, `date_created`) VALUES
(1, 'Message 1', 1, '2019-07-14'),
(2, 'Message 2', 5, '2019-07-14'),
(3, 'Message 3', 1, '2019-07-15'),
(4, 'Message 4', 7, '2019-07-14'),
(5, 'Message 5', 8, '2019-07-17'),
(6, 'Message 6', 9, '2019-07-18'),
(7, 'Message 7', 12, '2019-07-14'),
(8, 'Message 8', 10, '2019-07-17'),
(9, 'Message 9', 7, '2019-07-16'),
(10, 'Message 10', 2, '2019-07-13'),
(11, 'Message 11', 5, '2019-07-19'),
(12, 'Message 12', 4, '2019-07-12'),
(13, 'Message 13', 3, '2019-07-13'),
(14, 'Message 14', 8, '2019-07-19'),
(15, 'Message 15', 7, '2019-07-20'),
(16, 'Message 16', 7, '2019-07-21'),
(17, 'Message 17', 5, '2019-07-22'),
(18, 'Message 18', 7, '2019-07-19'),
(19, 'Message 19', 8, '2019-07-14'),
(20, 'Message 20', 6, '2019-07-15'),
(21, 'Message 21', 1, '2019-07-16'),
(22, 'Message 22', 3, '2019-07-17');

-- --------------------------------------------------------

--
-- Table structure for table `Roles`
--

CREATE TABLE `Roles` (
  `role_id` int(11) NOT NULL,
  `role_name` text NOT NULL
) ENGINE=InnoDB DEFAULT CHARSET=latin1;

--
-- Dumping data for table `Roles`
--

INSERT INTO `Roles` (`role_id`, `role_name`) VALUES
(1, 'Role 1'),
(2, 'Role 2'),
(3, 'Role 3');

-- --------------------------------------------------------

--
-- Table structure for table `Skills`
--

CREATE TABLE `Skills` (
  `skill_id` int(11) NOT NULL,
  `skill_name` text NOT NULL
) ENGINE=InnoDB DEFAULT CHARSET=latin1;

--
-- Dumping data for table `Skills`
--

INSERT INTO `Skills` (`skill_id`, `skill_name`) VALUES
(1, 'Skill 1'),
(2, 'Skill 2'),
(3, 'Skill 3'),
(4, 'Skill 4'),
(5, 'Skill 5');

-- --------------------------------------------------------

--
-- Table structure for table `Topics`
--

CREATE TABLE `Topics` (
  `topic_id` int(11) NOT NULL,
  `topic_name` text NOT NULL
) ENGINE=InnoDB DEFAULT CHARSET=latin1;

--
-- Dumping data for table `Topics`
--

INSERT INTO `Topics` (`topic_id`, `topic_name`) VALUES
(1, 'Topic 1'),
(2, 'Topic 2'),
(3, 'Topic 3'),
(4, 'Topic 4'),
(5, 'Topic 5'),
(6, 'Topic 6'),
(7, 'Topic 7'),
(8, 'Topic 8'),
(9, 'Topic 9'),
(10, 'Topic 10');

-- --------------------------------------------------------

--
-- Table structure for table `Treatment_record`
--

CREATE TABLE `Treatment_record` (
  `user_id` int(11) NOT NULL,
  `treatment_track_id` int(11) NOT NULL
) ENGINE=InnoDB DEFAULT CHARSET=latin1;

--
-- Dumping data for table `Treatment_record`
--

INSERT INTO `Treatment_record` (`user_id`, `treatment_track_id`) VALUES
(3, 1),
(4, 7),
(2, 7),
(2, 5),
(2, 4),
(5, 10),
(7, 4),
(8, 3),
(1, 2),
(1, 6),
(1, 9),
(1, 3),
(1, 5),
(1, 1),
(1, 4),
(6, 4),
(6, 8),
(6, 9),
(9, 1),
(9, 5),
(8, 8),
(10, 6),
(10, 7),
(6, 5),
(10, 5);

-- --------------------------------------------------------

--
-- Table structure for table `Treatment_tracks`
--

CREATE TABLE `Treatment_tracks` (
  `treatment_track_id` int(11) NOT NULL,
  `treatment_track_name` text NOT NULL
) ENGINE=InnoDB DEFAULT CHARSET=latin1;

--
-- Dumping data for table `Treatment_tracks`
--

INSERT INTO `Treatment_tracks` (`treatment_track_id`, `treatment_track_name`) VALUES
(1, 'Treatment Track 1'),
(2, 'Treatment Track 2'),
(3, 'Treatment Track 3'),
(4, 'Treatment Track 4'),
(5, 'Treatment Track 5'),
(6, 'Treatment Track 6'),
(7, 'Treatment Track 7'),
(8, 'Treatment Track 8'),
(9, 'Treatment Track 9'),
(10, 'Treatment Track 10');

-- --------------------------------------------------------

--
-- Table structure for table `Users`
--

CREATE TABLE `Users` (
  `user_id` int(11) NOT NULL,
  `first_name` text NOT NULL,
  `last_name` text NOT NULL,
  `email` varchar(30) NOT NULL,
  `password` text NOT NULL,
  `role_id` int(11) DEFAULT NULL,
  `date_added` date NOT NULL,
  `added_by` text NOT NULL,
  `status_bit` int(11) NOT NULL,
  `user_picture` blob
) ENGINE=InnoDB DEFAULT CHARSET=latin1;

--
-- Dumping data for table `Users`
--

INSERT INTO `Users` (`user_id`, `first_name`, `last_name`, `email`, `password`, `role_id`, `date_added`, `added_by`, `status_bit`, `user_picture`) VALUES
(1, 'Himanshu', 'Yadav1', 'himanshu1@gmail.com', 'himanshu1', 1, '2019-08-07', '1', 1, ''),
(2, 'Himanshu', 'Yadav2', 'himanshu2@gmail.com', 'himanshu2', 1, '2019-08-07', '1', 0, ''),
(3, 'Himanshu', 'Yadav3', 'himanshu3@gmail.com', 'himanshu3', 2, '2019-08-07', '1', 1, ''),
(4, 'Himanshu', 'Yadav4', 'himanshu4@gmail.com', 'himanshu4', 2, '2019-07-07', '1', 0, ''),
(5, 'Himanshu', 'Yadav5', 'himanshu5@gmail.com', 'himanshu5', 1, '2019-08-07', '2', 1, ''),
(6, 'Himanshu', 'Yadav6', 'himanshu6@gmail.com', 'himanshu6', 1, '2019-08-08', '3', 1, ''),
(7, 'Himanshu', 'Yadav7', 'himanshu7@gmail.com', 'himanshu7', 1, '2019-09-07', '4', 0, ''),
(8, 'Himanshu', 'Yadav8', 'himanshu8@gmail.com', 'himanshu8', 1, '2018-08-07', '2', 1, ''),
(9, 'Himanshu', 'Yadav9', 'himanshu9@gmail.com', 'himanshu9', 1, '2019-08-15', '7', 1, ''),
(10, 'Himanshu', 'Yadav10', 'himanshu10@gmail.com', 'himanshu10', 1, '2019-11-07', '11', 0, ''),
(11, 'Himanshu', 'Yadav11', 'himanshu11@gmail.com', 'himanshu11', 3, '2019-08-07', '1', 1, ''),
(12, 'Himanshu', 'Yadav12', 'himanshu12@gmail.com', 'himanshu12', 2, '2020-08-07', '2', 0, ''),
(13, 'Himanshu', 'Yadav15', 'himanshu15@gmail.com', 'himanshu15', 1, '2019-07-22', '1', 1, ''),
(14, 'Himanshu', 'Yadav16', 'himanshu16@gmail.com', 'himanshu16', 1, '2019-07-22', '1', 1, ''),
(15, 'Himanshu', 'Yadav19', 'himanshu19@gmail.com', 'himanshu19', 1, '2019-07-22', '1', 1, ''),
(16, 'Himanshu', 'Yadav20', 'himanshu20@gmail.com', 'himanshu20', 2, '2019-07-22', '1', 1, ''),
(17, 'Himanshu', 'Yadav', 'himanshu.skb.oo7@gmail.com', 'Himanshu1!', 1, '2019-07-25', '1', 1, ''),
(18, 'Himanshu', 'Yadav', 'him1@gmail.com', 'Himanshu1!', 2, '2019-07-25', '1', 1, ''),
(19, 'Himanshu', 'Yadab', 'him2@gmail.com', 'Himanshu1!', 3, '2019-07-25', '1', 1, ''),
(20, 'Himanshu', 'Yadav', 'him3!@gmail.com', 'Himanshu1!', 1, '2019-07-25', '1', 1, 0x89504e470d0a1a0a0000000d49484452000000c8000000c80806000000ad58ae9e0000000473424954080808087c086488000000097048597300000b1300000b1301009a9c180000144349444154789ced9d799415d59dc73fbd81accd2ee2028ac8b04550dca3821a4d344a3071624292c98c313933623263e2e824336a3ce66816c5cc1c9d63d4e3188fce180743a26012b3a0183346a34185008aa8185954561b689ae6cd1fbff7c2ebc75beeadba55b796dfe79cefe9eed7f5aa7e756fddaabaf7feeeefd78412254380a9c004e028600c7008301c6807fa02adc56d77015b81166020d00b28005d4007b019d800ac055e035602cb80978adf5522a0c9b70119631c7006702a703270780cc7dc833492a781c5c0af814d311c57518c9806dc0aac41eef8bed58d3496ab8091119eb7a2d4a4177009f01cfe1b443d75013f469e6a8a1239070097036fe2ffe2b7d5d3c079ee8b4451844f91ce8651a925c0318ecb46c93153918bcaf785ed52ddc0ddc03087e5a4e48c56e05a6037fe2fe8a8b40198edaac094fc3091e477c05dea3e609093925332cfa7908939df176ddc7a1598e2a0fc948cd20accc3ff85ea531dc80d42517a3000f825fe2fd0a4e8c670c5a96489e1c01ff07f51264d77217e614a8e190dacc2ffc598543d0cf40e5cba4aaa39147803ff1761d2b508680b58c64a4a190eacc0ffc597163d0834072a692575b403cfe3ffa24b9b7e10a4b0d34ede3a612dc0a3c85a0dc58e6391f5438b3ddba144c8cdf8bf13a7597b81f3ad4b5d490517e3ff02cb82b620cb87950c31997cba8f44a565403fab1a482979e883b4013f438675153794824e2cf26d88129eebf07fc7cda2f602a79b578392448e26dbeb397c6b3512ba28b364f915ab0558081cecdb900c3318e88fbcc22a29e30bf8bfc3e6415dc078c33a5112425fe0cff8bf78f2a2f966d5a22485afe3ffa2c99b4e32aa19c53bc39018b7be2f98bc698949e5a48d2c7a687e1909feacc4cb07d161dfc4d30b0965e3fb6e9a5765ae2f92b527c8c5c008df46e49859c82acdcc90b57990bb8051be8dc831cdc8b0efe3be0d714596f2839c08fcceb7110a9b919b542692fa64e9154be3392583c1c039be8d7045561a481370a16f2394bff071df06b8222baf58c703cff83642f90b5b90c1922edf8684252b4f107d7a248b416424ab55561a8886f04f1e9978cdcac22bd628c431514916af9081b5eb5978829ce8db00a52ae380a1be8d084b161a887a912697d4dfbcb481285192faba497b03694322fe29c9449f209e9980e42e8f8b0dc003c025c053311e37ad68ba69cfcc221e37eedf02a7551cbb1f9a95ca44ed9595a6c4c75788b672df023e56e7f8bd913510be2fc224ebe83ae59778d2fe8a3526c27dbf88bc432fa8b34d277011707b8476a49d31be0d08833690ea3c019c8a3c411ab117b80cf81a72c7547a32c6b70179e605dcbf12ac018604b46716b03d029bd2ac7901cb3211a4fd09e27a796d27f0096053c0efff0419fb5fe3cca2c66c89f1584118e9db8030a4bd81f471bcbf6b9194d0617819984e7ce1383793ec6009710ec32b15ecc0edab95cb94c7cd4864f96e8736d6d21791c104dfaf53d5f458c8725442b0177715797144369e05bcedd0ce6a7a0d9997496223f94df8225482d01b7795b88a685dff8723c966a2bc102f455c6f1e8af838b6d2401a9e68c75d255e1183bd4dc03f00ef3bb4bb5c6f22378d16e0de888e11442fb8283cc59ea1b8a9c09d041fd60dc258248e6d1417e3e5c56334919c8cbe2f3928332500ae5eb1fe376ec3910efc5cdc07d95e47cf8c4f5fc56d3f2d88f415cb233b095f819f8bddea7d1c8c7b5faeab2b8ef109dc8ef6d94ab34f79643de12aaf1b4997e09b738115b8b92037b1bf07ed74c46dc64703f951f8e25182b292709597a4585a6d8877f226c25f943754d9ff48a2ebfbd4d39d610b4609ceef09577949f4131a0a7c17e820f879bd0f1c5865dfadc4df79ff5ef8225182f238e12aef93f19b6ccc8148030edacffa8f3afb3e8ff07954b6196e774db8625082d20ebc4eb84a1e1db7d10118057c1bf1b9b239b74ee0f03afb1d41b899f75b0db77b386c0128c1b89f708d636bfc2687a21f32cff12ae6e7789fc17e2fc27eb06311e2ff65bafde7839fb61284d308d7380a48ff258d34031f428247341abeed063e60b0cf76a4dfd3d9607f0524efc751c0b70cb62de91d346f64acfc82f00de4ded8ad764f3b7227ff0d1249bdda792eb4d8df58e09e3afb2ab0af4ff1609d6daae9ca60a7a8d872186e6687b3d6791c8424117a80fdfb2ba75bee6b0c700b72e72fdfcf1f91e1688abfdb94f78a4067a5587319e695f232d2115d55e57f97c46d788c34035390a7cb3d047f5af64222e7df89cc394d2a7ede82b8902cc0aeff323ea01d8a050f605619dfaff85e650cab0fc7646fd6e98ff97cd4df79b231572ca571456ca7a7d31e88ab79f9365363b2370fccc0ac81dce2c9be5c61e28af1f32adf3b889e7d97d171189b135a90d1ad46f5f2902f038392c6a00d26a12c5faff2d93a7aba5e273d1a489ae8c62c89d1a0a80d714dda1a48136636efaef179f9aceeb6f0e62865741a6cd31ab9158e495b0329007b0cb6abec7f94283590ddc57d29eea855e6e59834a24491b60602662e22d53c594142fbfc911456540a3009e29736f79e543690f506dbd473d29b8fbc332bee3810b3207e26759728d2d840d6186c338e7d33be95a877a97b2635de04803722b52202d2d84056196cd386649faac672c37d28e698e600499dbb491a1b8869189913eafccfc6814f69cc7186db6908a0189882d9aced0febece31864724b71c35a1ad7c7466fd6e58c66cc967bae35d88f129e7198ddb01ef5656018d27891ecc52c18d921c0c406fb51c273b6e176a9cc0a9cc60602b0d870bb59511aa100f5939c96b3384a23949e1c87d963fd795f06e684e1d45f7d58d266b4cf172b4d9887ad315993ad04c3340df783be0ccc337762563977f83230e334611ed932aae4444a1d3e8459e5ec20e5892413ca6ccccabf035975a8c44c33e60199ffd3938d59a515f1483029fbfb3dd9a800d7635649ddc0899e6ccc22576356ee05ec23aa280e198559b0b30292e872a81f3333c5c9ec5b4fd3484b3dd9a8947137e677b367d1461286e9c0bb9897f7a7fd98a9943306f3a7480171b9be8068b3da668d3e483a379b48f3cb48ef4474e6f80ee61557d25bc05d3e8c4d11edc80cb869aa83727d247e73955af4479e0cb695b8d987b129621af6655ac04f6254a5016720a355b69539ca87b129e133d897e77accd6a72b1eb806fb0a3ddf8ba5e9601e7665d905ccf462a9624413b250caa6526ff262693a7806bbb2fc821f33151b5ab0cb3ef5ac1f3313cf202406994919ee45a2ee2b29a109996537c923d24ded385a79e622cc1ac776e0e39e6c5442723b66957ca92f03138ce953788e2f0395f05c805925ffda978109a52ff2643079faaa67428ae987d9ec6f3770a8271b93c81ccc6e2c4ffa32302eb2ee0ad041f55c219534a32330e57cc970bbf9915aa1c4c22731bb1bbe4ded70a579c234eed81e2429919272fa20c9724c2afdf37e4c4c14f76256568b7c19a8b8e736cc2a7d39d97fedacc76198aff5300df7a3a480c998557a01f13fca2b776156466fa0617c32c7af30abfcd5e4b32f72146631ae0ac0959e6c5422e41ccc9f225ff364a34f166256365b80819e6c5422e639cc2e826de42b54d0b998df3cbee9c94625063e8af98590976880fd91b4d92665b28914a67256ec780af34632db938d71f27dcccbe32a4f362a317212e61744d657c79d8599c77369e4ea003f662a7163b35ee467643302ca70c47bc0b41c2ef263a6e28383909cdd797db568061ec3fcfc4dfcd9948c3117f30b640f324c9c156ec2fcdc3b80b17ecc547cd20c2cc1fc42d98c4ca6a59df3313fe70270851f3395247024f03ee617cb93a4bba37a24f02676e79b67df3405596e6b7347fd05e2219c3626007fc6fc3cdf4263862945e663d7489e44c272a68513b00b3abd154d5da7943102bb21cf02f022926a3ae9cc463adaa6e7b513cde9a154e168cc175695b48ee426e66902be8ef9446001590b729e0f639574703266d13ccad5890c192789c1c002eccea30b8d6fa518702a76235b25fd9464b8a59c01acc5cef63dc8da7d4531e214ec66da4b7a17f8ac077b41060deec0ee954a1b871298638177b06f24056402727a4c76b62043d51b03d8d985fa582921188ff95a896a7a18382e22dbda90a7d5ca80b67502b322b24dc91123315f89584b4f212185fa3bb0e7702430b7698ef86ada41b67ccb14cff4057e44b8465240e6181e052e07a602ad06c71e8824a5b91e78de810d5b81d3821543fec8e23a8728b91ab80177216fba80579151a777805d489d0c4446c4c62031835dd5d33a24a0f7738ef6a728fb713af6c3a849d042649194a244ce20ec53bdf9d276cc83512b8a533e8c049af3dd086ae927685a072524a3806f03df08f8fdde48df24c8c462545a8ec4ba0aca4dc08d686abadcd2049c09fc0ffb8235ef421614056528f01dec7db95c6a35f0b7841b44389a7dc93b3b91001733d0019d5c3015b93bbe41f50bcc4548ff2188176dad6344a1ff032ec66cd8b811b5e286bd868ce04d76700c2521342133d937623ee3ec6a76b909717cbcd9e2d8365a0b7c0fb9e3bbe2b386c75e8e3496631d1e5b898981c085c09dd82d312d690dd12ca93d0c49ad701bf00c329b6d63d77b48a89eab806911d83710992709d250ef406e2c0322b0cb2b5978afec852c293d1389147802e15f35ae07ae0db98f4634236e2313d93721d80fb9e876215154d623af6a2b10d792289907fc63c87d7401bf43524dfc1278b6f8596a49630319001c0f7c1079853909710571c92e6012f2de9d0726032fe0a60f534e07f034d2af5902fcbef8596a487a03e983040f9886f425a623951947289a4791185279e009e2f1cfea065e469e2ccf218df225c4474d694033d2e1bc0cb80f58c6bee1465ffa68a4679c0c3e8ddf32de83349a1f027f8fdc10937ee38e8d7664e4e4bfb10b4b13975693ee40718d18807d349738b411997f99430eb359b521c1011e4126a27c5746235d13f03c2f459e869388ee8e780432313827e0f7bf8bfff26da45d88cbcc6cdcf79112c530247dd77afc17ba8d7620a34cb6fcbc6c1f9b91919d7948c399818c60993c9dda9011ae5380cf21139d8be8598e8f04b06f02e6299f93a2b7911bd69000e79b588602b76017bc2c695a10e0bc1f37dcf736245eee0a2418dd526422ee7524e599491086c702d8679af53789da8e3cfd060738efc4d086648bdd8cff0275a18f589eff8331da769fa56d7f1da36d51ea3d64ee2675af5ec7227743df05e852af209ebba6dc10a36dff6661573fd2b9e0ab9e9ec7adcb4d643403d7619e903e6db27189b749ad1c56675ad865933c274dda0dfc2b091e221e86a406f05d5051aa03f1a932a10fd2bf88daa6f790d759138e221d238761b49004f64d2610af7bb74fcdb72897db62b0e7660b7bca47d6b2acd5c0388b7289941391bb98ef428953671b96cd61881b45547674609ee4e6420fe5e4531b892fba654d6690eee1dba05a8978119bf08d08edb8d2d086bee4e7095faeed48c47e2f1c4f3cefd849d5bf1896530be2faedfaf88f61eeb419e7885ad2b40559491a2b13c9df6b55a53a308f183208f883c3633f83f9e2a42311770ddfe5e5531b89b14f32089913f07dd249d04316e53610b9eb873de623d8c5f85d1463792459cb8961c563336e2a394b3acba2fc9a807f22d850eb4e24a6afcd38ff051eca23c95a60597ed65c9780934c9afe84f93c0448e73ec8c8d6fbd8b9541c80ac88f45d3e499369dfd19ae3c8ee0c7958fdb345399e18e238365144aef3541649d76e22e8b4f741ee94be4f2ea9da0e1c6c58965f0d719c2f1b1ee308a29d7f49bb5ec47098de7498f09bc05f196e9b47fa633ea31d665cdef4bbb792ed95906199829d83675dc693be8535be7486417906893d55d25a83fd9f978072488376214fdad0e830a1b99651bfc37e848363d49b7be98d24e4f15d0e69d18feb9425d0f815eb5cec170ae59989d4ef27b8707ba8b78f2b81b10e8e91173e86dd30fd7eb8c88997376d030eaa519eb73bd8ffbfd7d8f768ecc399aa24126420ce4f80f169d5fd35ca74a9837dd7ca2ff87002ce3bad32f5ceeec1b309303ccd3abda23c07229105c3eeb70b59365bce390938df34eb292c393b0146a75d2fd173e6db6599ce2cdb6f2fa249af9037cda00ab53ae997d7f85c31673230b7ec6f97eb124e29fbfd0a6429ad128eb98d371146e3e6554025790b4716cbd5e57afd5226ac43111f2ddfe799057551c51ba2da13e44b353e57ec1988e42d6c467cb05c7112e2957a33fbf7479460b4025f6cb4511bb001ffad396b9a1bc13ebf9280f3ca9adea622016aa56ffcd948e40bc52d7b701ffdaf9b70d96c95eacc041697fea87c959a8912055184c6d4c6110d33caffa86c2093e2b3435112498f3650d94046c46888a224911e6da0b2812436aea9a2c44473cd3f80776234445192488f3650d940fe14a3218a92447ab481ca06f2448c86284a12595cfe47659fa337b2243471e1e3152506de45828177953ea87c82740277c46991a22488db296b1c507dd46a30b00a4988a328796103e215bdadfcc36a4e899b9154c585188c529424d005fc0d158d036abb2bac40fc874cc2d8284a9a29208da36a84937afe3c4b9010ff67a113884a36e9423cadef09b3937380f5f8774556a95c6a250e53b40d01ee46571aaad2af2e24b96a240bcd3e802470f17d922a95adf600ff454c81f5a620ef6d1aa84c95746d037e40c0146c613bdf8380cf007370bbe65a51c250405c46ee41f2daef08ba2397a3534720b9b86721216e34f08312279d882fe142e0a7c0eb2e761ad5f0ed10e04c648dfb4c34a0b2e29e023212f5041206e957c8b48453e29adf18059c8a84ab3901988638462a8a29bb90b8c4bf2dea69241579a4f89a006c4352051c83e48b9b5c942ef955403cca975668153212152b499b211f86a47a1b5fd491458d05fa7ab44b714f07f00a72e157fe8cfcc9604ad21a483d462061514b3aa44c0721213ef5b52d19ec44bc63d72169e3de2caafcf777bd5967419a1a880943908632a24cc380a1c59f438a1a5c543b1a5faa11ddc016605351ef95fdbe09b9d03720ee48a59fdbbd581a01596b2041e88f349476604085fa15d5b74c7d8a3a007962957ef646521194d48af4b55a8b6aa950133214de54a16a935d7bcb7e7623efe2e52a7dd659a6dd157fef42eeec3b6a683b32a956d2d6e2cfc0730859e0ff0132ac4fb69b7422960000000049454e44ae426082);
INSERT INTO `Users` (`user_id`, `first_name`, `last_name`, `email`, `password`, `role_id`, `date_added`, `added_by`, `status_bit`, `user_picture`) VALUES
(21, 'Himanshu', 'Yadav', 'him4@gmail.com', 'Himanshu1!', 3, '2019-07-25', '1', 1, 0x89504e470d0a1a0a0000000d4948445200000165000001540806000000fca32db300007d6c4944415478daedfd779c25577de68fbf3fa7c24d9d26754f946646392321810412080cd8601ba705e380092607631cf6e7fdaebfebb577ed7558070cc68030c1822f18bc8e6b7b8d174c4e02248100259447a3c9331d6ea8aa733ebf3faa6ef79dee9b7aa667a667e63cafd79db97d43dd7babea3cf59ce77c82e0e171e220bff11b08606e063e0dee377f13d7ed857ff9cbd4924679bd51990c8c9d72c85681cdaa9c638cac71caa8a0632023a8d654a80952524500441055440015042515b48e5047a581e81c22fb9d65b7117d0461978aee0a8c3e2c9a3ef2d2b733ddedfbfffb6f107c3abfdff3bb7b78ace8a0f1bbc06325a18adcf90acc1ddf87bcfca5648b9fffccaf32321347db6d263b8d0b2e72c2c599d3f39344ce695a5d0fd44a2112183006d481024ef3ff558b9ba337436a7e668b8120276c1008243fe1c580739039483349a3d0ed2987f27014c9bdc6f11d8cfb4660a2ef3cff77669fe8dcec3bdf8589434c14e15ef6324fd01e9e943d5629defb5e0c60e61ab8b7bcf968b2faf7df2aef9c6db82b44cd754926d735527785b566532556c2405020b34a6621b339f93a97f32ff9d3f9895a286205c18019eefc5507e04072aa46dbdbccb727418084014406c2401081245332c76c39d4ef9623f355039f43cc179eff3fe61eebdcf8073f4898a6b857bdca13b48727658f55a088dff55c027d31ee0daf5920a54ffce2f8fab4dc78aa629edbb27273d2d28b838052180ad62a490a890355ac2a6a0abb411411839c8273529d0304278a1622db0401a614411408d629a9632636725badc2bf9a20fbb7efffadf4f6f606def11ecc73ef402e7a27aed0e91e1e9e943d4e0ebef12682641aaeff4b6cfbb17ff8cfe5eda1f282662a2f68a4eefa48645d180aad544932b00e8ba2e45eaf3166f59f776dd7441caa828486a01ce56a3ac99438d4db4aa1f97864dcdf3def775af7cd5b1c7f4ef8fad761453c397b7852f63881e7c95d6fc15cf6365cdb06f8d75f1f9d4ab3e4f949665ed4caf499a5909a75d04c21cd70801330a748fd9e3092c6a16208ab3144a190a4da2c85f2e92830ef1bd934f7f737ff2209c0177e92e0691fc57972f6f0a4ecb172f37a903bde88b9facf1654f13ffe7ae5e9594b5fd54a796118b2561dcc25e02cb6a05f63ce82f3cab9fcc26302c25a5c3c66e5bba590bf20083efca3bf9f2f12fecf7711fef2ebb0e26d0d0f4fca1ec7735edcfe26ccd5efc8c9f8a36fa53a52a9fc589ab857a74e9e191861aea96405111bc19cc5e7521e08e290728429c742ea745f39d2f7888bdef1c23fc8c9f90b6f24787ac7c5cdc3c393b2c750f8f66b092e7b774e1eef7c15b5ad6bcb2f6fa4f29630900bac75ccb6501487393b14f132d9d929b830241c29439ab1b714f2678783f29fbdfc770f1f50106e45e4a53e5ac3c393b2c700bcf7fd98660a6f7a0dee775e47f99291f2cbd34c7e290ce58266e26866852ace437f3dfa5b1b0ad828241c2d0b69ea1eb3257ef325bfd77a2fc0375e4370cd7b7ca4868727658f1ee7c02dcf2778f5bfe4891efff0abd5ff9038fdcd40e4d246e2a8a7d800444c3b34d863b9e41c4784e35570aa9f3162fed30fff6ee34b0077bd96e0f2777b4bc3c393b2478177ff05e6b53f9f4fa5ffe657a3cb03c2df5691173612c75c0b1be6891a9e8c57869cdd4899007071893fdaf368f3bfbcf6c334feec3d846f7ccdd2cc470f4fca1e6719f6be8b70f275641ffb45a2282effbf69caaf88a132d3c01af5647c42c819ac2866cd889124d33b9cf08697fc61e34b6f7b3be617de84faf0390f4fca672154913f7907f2d637e33efc0bd1d57160fe3c0c83a71e997338c51ae33de393a09cb35a89d008596ce4377ee40f1bbf03f0d597113ce583decef0a4ec71d6e0ab2f2578caadf9a0ffbb5faebe3575eeb7152ab34d320c818fa638a9c4ec4490c9712349eafe766fabf2aad7befdd0c13f7b1ee11b3fe1ed0c4fca1e673cfef43d84bff01ab25b5ec7c486b1ca5f4481fcf8be99421dfb888a536567280e3b5193d05abd8730f8e917fdc1dc37de710be19b5eed89d993b2c7198bb67ffce1378d5e11c7e9ff171873f9e139e7d5f12ab233aa25c230645633f3d32ffa93fa3fb68f99df3b671ffc62ce198e771483fb236faefe58a9947ece392e3f3ce73263083d21af92416808eb2d6cbdc58804eeefffeaade5574fbe8eec1def22f4c2e9ec839fb69ec178e72d846f7c2dd95fbfb5fcea30d20f3512cacd146b0ca1df3bab6cca2a1875b8d4c2588517fed85322fb8a5fcf3efdce5b08ffe91f7d548627658fd39f909f43f886b791fdf55b2bbf1ac5e64fa7ebea3287fae88ad5cccc8873d04ab113359ef3634f09e5e5ff4ff6a9773e97f09f1ef0a9d9debef0387d2d8b5b08dff07fc9fefa57caffad5c92df3f38ebac75485138c863350f48835808f61e21abc4e6373efe4be5fffa867f237bc72d7e7673f65c9b3dce28cc2785bcb5f2ebd5b2feb77d47c854fc82dee9060788924d8e13d6ebf2eb2f7a5be3b777bf8b70935ffcf34ad9e33452c8ed45bd5f887fb11ccb7fdb7b98cc79423e6d07a60ac1fe2364e58afef78ffe42f9559b5e47f6f89f7bc5ec95b2c76981760d858ffc62f915e598f71d9925b314842cfe409fb68ad9a14180ab9530a9862ffca93f9afddf5ffd26c153aef4997f9e943d562d6e7f05c1d5efc77eec172bcfc4e827eb2dc82c26e8ec85e789f9f4256645a300ca310dabf6692ff9a3f4cecfbd98e0a68f7962f6f685c7aac3efbd1773f5fbb11f784b797ba6fab15682c91c723a3427f51872900a9266b8cc52352ef8eb5bdeb876cd8d7f857bdb3bfcf8f5a4ecb1aaa0204ff90cf2a137530d1cff4b3093cd549c298eab2e7ab10f763d8d07aa2168b4c8c290f34bb6fe9722689a9cd56db83c297bac3efcfe7b099e752bd6baeadb2a7170cd6c53b33c0e593ab9d813f39943cce1913ae98635e6873ef6d6ca6ffcca2f91fdd97b7cdcf999067f953d4df18557103cfdfdd85bdf54f9c96ac97cf4d0accba423534fd0a38e6ee781167fd44fe7d9918a60474a04692237fdd4db1b5ff8c24b089efe51ef2f7ba5ec71caf0c71fc03cedfdb85bff7f95738de1cf671bcea91e7d2c95a39bda2bddef7b9c762a4a9cc5a41621e0031f7d2da39f7a32aaea059627658f53866b3f870868b3a9b7189135ad0c1583d16e43587bc8ad53492c2284618c313ee4f6186d0c536f61cbb19c9f46953ffa7f7f15f7f9aff8b1ec49d9e394e0cb3f4770d35f603ff496cacfad8b83e7ce34da3ef252b2d5a55c7c4a895944088208e71cf5fa4c2eefc49f82c782c0101c9e75d948455ff5576f2e3ffba6ebb15f7eb9f797cf90d990c7e98277dc82996dc2ce47c7d635e6926f3b27eb520b6230fd3ce353ef2f2b4150c2da84fa5c93f593535c7ee533f8da57fe056753c404a8fa7a3bcb85035b89304ee51e33dbb8fa25d790c81b51bc43e595b2c7c9b32d7eedcdb89923c9ef9722b321296c8b2514a88b29517a0ed3133d7a0313624cc8dcec348189b8e9e61fe1453ff9ab5cf2f41fe1e667bf8446b3853181d707c73678837a0b572dc9c549a5fc6bf246dca7eff063fab49f05f95d707ae0aed7135cf317d8bf7ecbc8938dd1774c27380423451af59269cf920cbee26543bdf6f8359c988030886836661184abae7e16cf7bfecbd8b8e372485ba4d30758b3ed02ca41c0fdf77e936aa586739927e7e5cf7525cb544b21d7ffc4b3c30fffd0cf648727de8bf9d77ff06af974855f69394df0bb456db0ba75ff2308306ab1f3597bcafc9a9e744860ed42cc6d6d3cf8b5c738a14608c33269daa2d9a873e145d772fd0d3f4479cd4668cc62670f110411515cc21e39c8e5d73d9f2387f672d75d5f6264648c2c4bfcc15e9e5a96d4e246ca52395277ff5de0673ff725af964fefebacc7aac7d75e4b70edbbb11ffad5f2f70769f07f8e34dc51cd4e65d19d53e32f3b021383407d6e9675eb36f3b49b7e844d3baf8456039bb6304180747c88aae25409e21afffcb77fcae38fdf4fa55223cb5a78676d7950871bad42d504d7bfe00fe66efbd66b09ae78b78f5d3e4d2fb41eab1d9fbc0e5590b906bf9566ae8b67dc67b09e707fd9212244518556ab4596a63cf5861fe4277eea57d974eea564b30751971284e151849c5f040a4b256bf1fd3ff8f38c8ead2349929cdc7da38de591b2411531b3a9fb6d804f5febed0baf943d4e08befd6a82cb6ec17ef0ad23cfb3cabf26b3d6b517f7a49be21dc2339ef73c8edb5f7604418c88509f9de1dc9d97f3f49b7e9cdada8dd8fa0c79d4c5e0650b6b3382b8c2ece17dfcaf8ffd61bef0278a739e9897ad966b9838941b5ff8bb8d2fb4cf1dbf67bc52f658417ceaa9b9e2d1c4fe5a98296a44fbaa5ceda27a573c7ed9a1285154214d5b6459ca339ff5933cef85afa7561b279b3b4c1098a10819200842b2569d91759b79de0fbc8256d2c0986889b2f618ac96516834f975804f3dc5ab65af943d56146d5ff0afde5c797a2af2f9993a6e21265959ac960729e695f1971dc6440426646e6e9a2d5b2fe099cffa496a6ba748e7a6098200638eed5a9fa609d1c81aeebefddff9eca73fcee8d83849d2f4a7e932d5f24815a999e08617fcc1dc57bff55a8cf796bd52f658212445c445cbc99b442567c4c583f0a4facb8e302ca3aab49226d7dff043bce047df446d649cac3e4d1445c74cc800511493ce1ce6e26b9ecd954fba99999923445105ef2f2f8394c11911a9dbec17014d7c473faf943d5606b7bc0ff3ea57e23ef22bd52df53af7641955cde3d83ac28d75fe28ca906af9d8fc6587aa502a55693466191959c3739efb52d66ede4936770413188c8956843c55156b1d616d944ffcfd9ff3d8c37753aed448b386d710c3f2b24039a4590eb8f447ffb0f950fb5cf2bbc62b658fe340bda8fa9636e5e7caa1d4328b6d3b0e1de6c5fc1f5d3de3a1fde5def5979d73180929c515e666a739e79c4bf88917ff126b376c239d3d4c18474546deca8c79118309025cb3c1737ee0954cac9d244d5b0441c92be62177a1b3d838968a855717c7d18f73af943d56601a2ab7be95b03557b9cb847261abd5e92777aa58ed20b42e077748cfb89bbfec9c238a628c8424ad59aeb9eefbb9eabaefc7b51aa83a82f04484ae0988606dbefdb9b923fcddc7fe202fe8a00ee752af25069d3b0e17471855dd1507ad0b5ffc27d4e9cc1cf2f04ad96379f8c6eb0904d4a6951b4cb040c88b55f01295dbcd5feee5190ff0979d73944a655441717cff0b5ec5554f7d3e696306841344c80b3f278822b2b4456d6c03cf79c1ab499256117ee74fd981bbd0605a165b8e654bad5c7b1ec0076ef525153c297b1c33c25f68f39379491c0ada87fd0611734f1ba32b5fb71d6447a954254b532aa51a2ffcd137b2f99c4b48660e13c5a56231ef445809b27053252c95499b334c6dbd84673ceb2534e60e13c71554bde01b08975fb7e7d2ece500577ecaab646f5f781ccf31d177bd929a096bf788d12d49823306c3c06491e52ffc2d097d5347b95ca3d9acb37ec3667ee0f9af202e5548d30651a90a2732a14364debea0dd13d418926683786c3d5ffbccc7b9e3ebff4a6d6482666b16e355735f1743048943eae3d5e0a217fccedc63ef7a1fe6757ec1cf2b658fe5e19e37e4c76474a4765314e584dcadabc8a0c5bc7e8a587bd818aa4ab9324aa331c7b6732ee2853ff27ac22826cb92134fc88b95f2fce54989ca55d2d9435c7bd38fb3f3fc6b68d6a729c5559ce797be3bd359b25224d52cb53f0cc84b9c1fef9e943d968dcf5e9b33529af083619ebde77a5913bae4ceb1fbcbaa4aa532ca5c7d968b2ebe96e73effe564598aaa12c6a59344c8dd1f17720fdb36eb3cebfb5fc9ba0ddb48d3167158f6a9d87da532629dd2b4f2a3807e28f357316f5f781c137eff4f0927eeacdc25915cd46a5b173d2c8795b03154956a7594c6dc0c975c7a1d4f7bc64f9034e708a3101386278190bb581747fd2d60026c96620868b6eafcfdc77e0f9ba6382c59961c57d2ca99cccb469020a03e66820b7ff88fe776bdf7bd9857bdca93b357ca1e43e1831fcc8fc7d4bd235738910b5b292ad2a521aa0eb231a4bf8dd1f15a55a55a19656e769a4b2ebb9ea7ddfc1324cd19e2d24924e46ed6c5e2c75509a212562d95ea38cf7dc16b71ae4514469860e5e2a4cf34d1955a6c3992aa8dec738b59911ff39e943d8685b5f9f1084cf6ec6a5904d7bd66c172fce57e69d86dcba2d198e58a2b9fc6d39ef9a324f519a2520c9c6c42ee45d21d702e8fc8481aacdb7c014fffbe97d1a8cf502e5551f593be1e035cc9d3ad9f0770fdd37c148627658fa1f1c52fe703a6950637d9ced6205d2ab71d8fbf0ce0aca35219a1d198e5e24b9ec2f537fd484ec8711931e1c9559ed2cdc2e87c9c85c79d12556ab4e68eb0f3921bb9fafa17323b7b984a65d4fbcb3dc67833554912bdf1efff98f215971599a11e9e943d0653d37bdf83fd9b5fa69a59b92e49f4e8a9e610c4bc94a4bb13b3758e4a6594a4d960fbb997f0f467fc08adb969e2528c04e6242ae43eaab89fa5a18eb85a23a91fe2494ffd112ebce4e9d4670f53ad8ef9aed88bf7a0c1b412548c6c636fed4900df7d831ff79e943d06a21d0a379b562f774e37274eb46f285c3f5b43bb1373ee00e471c859963239790ecf7eee4b6835ea4471194c788a0879f9242d2ac4a52a497d869b9efb0a765e701df59943542a63f3bfd363e13a5c29099aba67004c3ec52b654fca1e03d10e8573d65c572909b99f2c3dac89e5d8180bc467ada314971185d1d1b53cef077e069b6584518009835340c85d48778975d1c3d2402108084b2592668367fec06bb8f8ca67519f394cb9344214c59e981776aba82a99d51b001efba2f7953d297b0c445654263086270f22dbe5f8cb3aaf90952008098298300cf9feefff690213220682283e75842c8bc8b89f6db198bc9dc3843161b94cd2aa73c3735ecef5cffa5992e61c82a15caee5cd59cf727216455a29b49c5efdbeff4ce9aaf7785fd993b2c740bcee6579a4459a71559a290a266754e9ea532cd75f1611aa955192a4c5336efe5146c726709a9da4c490e5d8170388f8a8e06b0175982024aa8ed09a9be692273d871f78d1af31363145ab3147b93c4214950a623e3bc9590ca695a12e936d6bb3e84200fda027654fca1ebd49531101fdb3d78f4eb632774192010659c8c293aeeec5b0f1cbce596ad5319a8d399efce49bd9baed625aad0651b9b2ba08b95fd4c592f77590b42a82a1343246d29a63edfa7379c18bff1faebcee87b0690b718e6a650c63c2b35635abe2aa6531c6859703bc33f563df93b2474fdcf9aafc388c60770a329a296a0a4aea49ccda5d112ffedb3947a53c429aa56cdf79294fbafa1934eab3942ad555e0217792f130f6453f4b434195b83a06066c9270cdd35fc40fbee437d87ccee5b41ad31809a9544631c6ac5ae5ec9c9bbfad2c2ba362c01abd12e067fcb0f3a4ecd11bb7ed9e4f7cbe200edb8b7cfdc976181bc3394710460462181999e0a61b7f98a4d9a05429f7f73b4eaa509621d4f3a2224547fd2f4793b87304719978648c24a933323ec9b35ef88b3cfb856f65dd86736835e60824a252192508e2134380c748c6c60871b94ab95c232e57119195fb6e451d0c97ca15001ff32990ab16a1df05ab002f06fe1908e4e2c02d10af2c225b912ecd231454babd36bf552b23a4ad26373efdf984418013cdd39257854aee42c8d283b0a59b8aeef27cde320510e2ea382e4d69b5ea6c3ef70ab66cbf8a47bf773b77ddfecf1c78e2018c3154aaa3d82c254d1354dd29a8a1a1a8922f4a3a256bb5506370ea08a312610849523feee2fea2489a8138bdf0f7de46f89a57e15baa7a52f6e885677c35675a67f562d759b742ba48e482989790f6a2bf9d75d4464669b51a5c71c50d6cdabc8366ab4eb95a5b8584dc2bfa6218eb42badf44c0594c14528ad760932669da62db794f66cb8eabd9fdd877b8f79b9f64f7a377e16c4ab95441812c4bb1b685aa9c708276ce2162f2449ec61c6b376ce5a22b9ec5e8f8060e1fdacddd777c92d9e97d94cba3349bd3881c7bf310354866c1a56c3a7fcfe83a98d9a38a88f8f0384fca1e4b70d13bf3a964eae49ca2ff926977675a42bcdd8879d10be77beb3961fdfacd5c73cd4d349b73ab889017db1383d4f390b1cbd26513aaa096202e1394aad8a449e652366dbb9c2de73e8983fb1fe481ef7c9e5d0f7c8399e97d181310974671409625589bce773a5939927638075154228eca34e68e70e115cfe6fa9b7f0609029ccd98da7609e75f743d9ff9d75bd8f5c8772897c66834678ef93b1810a7a8891929d1dc0cece13dbe6fdf6a84efdbb53a24a3feeb9b29ef4fe3ffa430ae162dca082f29bfb998c7a4ebec5f19a98de39cf27ddff76394e20a6114e555df564b2ba5ae253acd82efd2ad7ca798457f0f28f7b9d88f56cde39a4b55144796b5a854c7d9baf33a765cfc74d64e6ec7da8cc6dc6192e61c468428aa104671be3808a873a86a7e9385c334040da32edff761181745946cbe2079d38b79f28d2f226dcea102411892260dd459cebfe8069e78fc6eea338708c2882c4b0b1beb182e058aab9631e2c2fff3d12fa677bf7013e63ddff0a4ec95b2c751b8f556e4a52f450fa7d57569cafac0e453cdcec4b5ee9e71771bc33ac7487584a4d5e2f22b9fc2faf59b68254da2b8b2ca54721f3ff998ac8b613e4a0ae5ec08a212415c059b92260d822064fb05d7b3fdc2a73137bb9f3dbbee66d7035f67dfeefb68ce1dc1394b1486485c0131a83a542dce294e6d7e2c5c97ae87463012109a18630204c1650949738ea92d1771f5d35fccfaa99d34e78e501e19cb2f3cea88ca356cda204d5adcf89c57f04f1fff1dd439b2e351eb8a864680ec1c80736f40b8c58f414fca1e47e1339fcf29633690a940b4e2b4c3a5e843cc5dfd65e708024310c4d4aa15aebce27a9aadc6eab42dbad9133d0999e555925ba29265e9e714b6062620aa4e802a366d61b3845265949d17dfc8ce4b6ea43937c3e1838fb2eff17bd8bbeb1ea60f3f4e529fc565090e871121300188414273f4f75787e250ab689a624929d7c6d8b0ed72cebbf446369f7339d6a6a46993f2e89afcadd6d20eef0ba22a2e9ba6569be049d7fd105ff9cc4728976bd41bc76663b42f19a2661380f1f1179e943d96e2970cbc379f7c6f8823a1d1522726b79594be51b98b981b9c2a639531d234e186a73d8f288c7014a118abaa03b40c7e7c49f61ec7a696a58b5a5e6c6bb83c02b1ed3bb709da652dc2b8ccd4968bd9b4ed0a9ccb489a75ea73fb39727037470e3c467dee20cdb923341b3324ad399c4df3a32301611013952b5447d630be66136bd7ef60dde476aa636b709925cd5a8471a54873cfc0b58f55f1d55c46541ea1397390f32fbd9107eeb98dc3071e230843d4e51946cb81699f38816c04f8980f88f5a4ecb1145f78b8d0782aeb8ce4c1a3418fc88b253606ed0e768a758e382aa30eb66dddc9ceed17d14a5a54464657e1e25e27f17623dc61ec8b65c42ef722eeceb0bbf6854bf3b210f3042da0594a9626387598b8c468e91cc6d76d472e2a58cd65589be5ead9e54a5744101312040181898a521d166b13d22c258c4b94821a600b75dc6b16a144a51aaa19973ff9797cfa5fde4da954a55e9f66b962b9ddb3cf884c015cff59ef27af46f86be5a9e6a717cd13ec063120daa731b5f64aad96a28b480d1178d2554f27cb2ce54a6575db1647914f37a25eac9ee9625df421de6ed1184bec0d166514ca0241bb9c304502c2728db8b69678642d616504894a3801ab79a68f1a83442582b8421057305119094254848c8c0c853826aa4d1057c730619c6fbfad8e97582f6db5ac04a512599ab065eb254c6ebe00672d41746c7a2a0feed1350057bddf279078a5ecd167b4b0be9735d1cf5f5640ada352aea1ceb27dfb45ac5b3749625324085729292f47212f26df616d905e9e72af94ee4584dfa515159227a58808124618898bd7e9d19750d545f7291471a1c4dbcfcfdb4add22d33adbce28615cc659c7c5973f93cf7de27dc4718546ba3c6f5914710a89956a712df24ad92b658f25f8ebf6d452c73bc7a22e92c97d8bdb8b522e55094cc0e5975d472b4d2895caab58250fe05559a49e87b62ebad55deeb3fdc5242c5d029e458e0ed33b6adae27292758b6e6af37d3f7fbfed17eb52957ed4ff3d8a2fa912c425329bb071eb454cacdd84a862ccf2235a1d90a4541ff9b37941e6abc57952f6388a50cd3cb38e2cee64a4bdd8f8a83ac98e4aa986b3969d3b2e65627c3da6e82bbfaa59588655cc032ac90d2a5ed4331a832e8b7f1c6d6948b7edf750e0d2479577cb563c6a21b3cb82669732a541141398909d173d952cb5c4717959b5311444159254ab5fcc88075dec3d3c299f9578da967c5c189511d521db3d7510b3aa522a9509a3884b2e7b324996502a9f0e2a599647d4c3142fa297cdd1ed2d9da4c95242ee45c4ddc8fda8f7f5b25dba4593d083ecbbfc1e758471056b53b66dbf8252a54a1004cb4f2451088420bec7278e7952f6e88a2f3e655e10d754252f0ddc472d7712b3738e52a992475c6c3b8fb1d1718c1130ab78bc2d57214bafe7ba85cf2d2376597af8d5dd16fd6491723e8a677bc542f7f88edd08be67f4c8e27d67c0186a236bd8b4ed426c9a11841143177c2ba2edd4206cf163cf93b247f771528c2707d13cf16a7f1b637e59c9392ae52a46840bcebf9c344d894f172fb9afe0952e8ab6cb7332482dcbf06a7931192eb12fe86d6108f45c2c943ea17b5dbf6faf58edb65a2e635dc6393bae4114e2b08c73cb34211c41bacf8f7d4fca1e0367959ddda7bbd6505e542b398ecb08c2d4c6adac5b3795476904ab7d563a6ce445b7b70e51bc68391119dd42e5bad9100c8a7bee50d34b88993e71d3c35ea51622314c1893d98c0d53db1919df80c8320a25cda7f4a163156f277b52f6e87f2044035d34cfd4be622757c938b8f0822b50e74e032f59faa8e16ec4dbef7e8fd29f5dd3b1a5874aed17b3bc88bce72d8c4e4b037aa7724b771b6290b5d2d3c258b81f4431615c66eb8ecbb1a9258a2a432df81950c9057732bdd1d753f6a4ecd17f46a98b8f8574ab673fff983121411032b1762d53539b716a3161741ada15439070bfc52c39c6bacbd2c72e58a27e074477f4b32fe8538b631895bcf83b394714977159cad673af208a63c2306698388a7644b4a8b4366a4eca3e1ece93b247af03a162db03a75331771b6ad666544a65d429dbb6ee240842c268b881b90a59b937514b1f85dc2f1aa36b7819fd63a2bb2aef65da17488fefd9e3b7f65aa0a48fc20630210a8c4f4cb176fdd6a210d570176411886392af455e297b52f6e8af94854c7ad5bc58a4765485725c258e63b66d3b0f6b33a2527cfa2df02d21a2de9cddf7f55ded9021ba604b3792efa274975817d23d8eb9eff67a85d37551f23d6b83c87c5783302e83485e69aea87be25c7f9e55418d4039d2d95f7e230e7c917b4fca1e4b0f407104b4984ed2d1a3afd3c6e84c1689a318800deb3731323281185314803f1d0878d0e29e2cffbe0c53cc689005d28d90e9ebedf67fbd0c9f55d837febacbc5c5398228c2da8c8d5b2f242e55088228378c079d6f02412087003e70ab772f3c297b2cc197beda1e9e9af4ec5adde12f3b1ce5721551d8befd7c442c71a9749af72696c1cf0f54d4c2e046acf42862d4e333a45762479750ba818b855dd4f4122ba3df4c60d145cd848831d46ae36c98da014e8982987e2782808a11307a10e0bacf7a52f6a4ecb10437ec9a1fc973d28e86d3ee43aa5daa338e62ca952a1bd66fc4598709424e0f56eeb6783720f242864d2859445c324031778d75ee784e7a10ef51b530a0779cf3a0ebcd80e248fdfcf462c12f2c955155b69e73190e258efb476138cd07bc38d907f0b91b3c297b52f6583a50da058844673b2bbfcd1719eb7cad55a2304280f51ba62895aa79253839ddc696acc0f34384d7f553d03d63967ba9e0619ea34f98dca00cbe7e17af6ebf5509a212d63a366cdc41a532829100e96363cde7a0288f00bcc453b227658f2e68d73757995d72341611b3738e72a90a089b369d03a2c4717c1afe681d4cc47db3fce8afae7b29eb638a591e82d865403de76155b22c33990608a29072b9c6c6cd178055c2a8d45b2d0b62ad12843c0cf0d18ffbe1e749d963295e5c70b3724406d19608a5a84ca95466c3868d0bb1c9a75dd4453f025e818540e9a57e7b7c17e912add1ad289174ab08d745a9f7eb7c3230ae7a194935ce11952a58e7d87cce6588114a51a5b795a598d48285c7006e3ac7475e7852f6588a8f158a07ddeffa248b68a18a8c31ac59b3816ab98631e16914fd2f0308980153f8653a1c0389bd4f92897451b0dd0a0ff54c1aa1c7026397cf9041dfb93f614b18a1ea58bb7e0ba3e3eb31627ad559d630409a298d38300f03dcf6744fca9e943d968e14334fba078aee40d26db69fb98c525c02a74c6e980484283a1dad8bbed9147d4a5b0e715f8651cf03d2b197d81930b05349d7d4ea61fa040ee31d0fb0685409e312a189d87cce6579cc725c5b12b3ac0e8d422845f248e5a1b9dd002f7fa96f07e549d96309e6eb29c381a2398568371bc341292a63c29035eb26716a09c2f0f44c18599ed43d360b83414ab45779cc3ed5df96d546aa5729d17e24cff0be72fbbb394754aa623563eb3997104715e2a8bca4ceb20a1a1a8843ee7dd687b177bcd6d753f6a4ecd1159f29a690e278a295a98ac174ab7961c4108511d56a95b1d1897cf006414eca2686203e4d4b762ed3d69001dbe93acdeff5dce2f74b8fc7644046dfa2f777cbc4ebda00b6cf8f1c7ac600980009422a23134c6d3e0f54891687c7291a044268f832c0361f0ee749d9a33b5effd29c82f7b8e0f156438f04065cde50641ece398228c6883031b19e521813b443e15c06a5098846806c951fd23e3c3030204396b7bdae1f2fbd55f15164b9b8425c9f24924149235d157a2fdb45ba5b3a7d5574ae964b951a2eb3ec38ff1a440ce5d218aab6f3c38356a2a8f0598087beeafd644fca1ebd684a15e43ffdc5918361641e0e02107774f96487232e2ac0ad5bbb0104a2b888ba10201e0513adfa1fba7c821df0d8b0510a32c032e86647f423c7aecab88755d1350c6f19459606a5a64b7e86481423816162cd26366cdc09ce522a8de05c86032d858873ba77561a77005cf34eef277b52f6e8893f7e1e81081a077a5b148822c580596065e238c6040163631358d5bc2a98cd202c41540613820aa74566df7222dd869aceb38c36537457cbd28584bb29e6ae197df449dfee7121182ae147867c3857cbe5ea08d6a65c7cf94d4451855a65021183386cb9245a0ae5533ff77bcc7ef53504e20b117952f6e88d4af1ff48854f2b88938561a79a736d298c2895ca8c8c8ce44f060634cb55b20a48b450dde8749a27f47caccf73c3aaee6597feec46d27d6c09e9559779f1b6860f71eb4dd8031e730e894a9828667c7c031b36eec0398b31111627281247e67f017ced26ef277b52f6e88bd7fd6b9ed72722ffd64cdc6c2804ae43c918136282905a7584382c618220276205e2f1dc573651d130f53450ca3a8070066ab863f197fbf9b7dd1eeb5135aedfeb6539bd0187bdbf8c8550051384a4598acd5aa00ea7564ba1091a891e9875e54f02bcfea5583fea3c297bd07706ad3ff532829f7ff7ccde38944f9563518a046ce71c7118023036b686c0044541f3b67551c949590c98d22a8ec090219c852e04742c753d9655a3b94fecf2e2c80ae991d5277d54f2502a5dfa17591a66f6303fb3728023b3597edd766a6b2528477cfca7ffe7c1437ff27e426f5d7852f61802bf369aff6f55dfa55604971f1be71ca53046308c8f4ee0c4114611646deb22cccb7f89e4617143a9c633e67236d86bee77151894f27c54a17ae85bc4480674a41e7c451aeae9a33f73d113a6f0bbace2b2b4fde220b3682d0c6f0178ee173d217b52f6180a57bd03ab20879e3cf76f69aadf2ec5880a5681308a31c650add5f283169822ea623cb72b8c2be6ae6556bf089293f43e19a0c465f8ed4b1f869441ddb3fb28fe158b48291e2e62292d0ee72c0276a4ac22463ef5fcdf9ffdc6db6fc15c768bb72e3c297b0c8dafbd1af35fdf4826a2ff3d0c8c380515250c43e238a652ae2d10819a3c69a4d3ae084b4504c6e920866405df227dac8e6194b3f4e982dd2381a45b9446b745c2ae36852c4fed0fb4cb172e36aa8acb32accb709a37a5298bfe36c0b3bfea17f83c297b2c0bd7dd82fd937763aece663fde4cf4ebb55002c1d82008284525a2282e5a3fb58f9cc9e511a6c8ec8b4e8fb650c7c5d3c7a1b40772f630911c8b08ba9f4aeebbb0374c2cf4b0cf754015e72c599ad9912a26c9dca77ff87f36ffddab644fca1ec788afdf863cf32358139b5f10a38481c188a152ad108606634cd13d352842e03a829925c853af4fabbc8063cdd493e37c7f9ff7488f06aa3def0fe8b5774cc122724cd72645c932aba88a38b59265ff11e0e6af7895ec49d9e39870eb7bb15f7835c15bdf7be48bd30df78eb523a5004c56aee69d25c230ca49d798c2aae840d0c5d238ad2127e0ad83b2e3fa79bfd2c1bdfd32f856f2e2d3f543e845c928a84b6dad9c9934ae7ef8a7fe8cdb3e7bd79b822bdeeb55b227658f63c6d36ec17dea65044fa4f5ff98daf0ce72a461b954760ab97de10a55cca27a727a1645601cafd5315435b61e6d9d7a96e8ec66950c480b5ff29ee3b06714d4a9aa4b83e9b9b471e5a5d7dea220a53f49fda0f2a4ec719c7ca3e657dec0db3e4ee3ba2b2fff45e7d455ca654155f302e65ac425cb52a5149c0e1118cb655939cef70ffbbe619ab476a906377452889c805dd499d5a7284a9ab52897d67c6c6ae3657b04f4cb4f7baa0f83f3a4ec71bc78e697af5540ae79f20dfb4746d7fd6db954b65084c339cd9572b7a116c4ab3702e3848a775d4152ef52fa53fa11ed3049213d3e4f8ef562d4b517828b0227513c7adfd4e4d62fd7773f1403c4ad961f509e943d8e9fc01c80ee7bfcb14d3b37eff8d6486dec60102088d1a583b278c8399030f7964f3b9c8c8b48bff4e7213fbf67d4851cdf7738de5943110e671482203c6c2db4d014e075af7b9d57ca9e943d8e176f4ff3529c46b492891bb150755084bcb98ee2431de34d6d1116179d418b7d2b6071c8717e5ed73acbbd1aa1726ca9e1bdbee8d05c6ff222dca2b82c4b559d564bd5e4244c513c3c299f1d78f3eb5ea6006992558220880d2e2e0e97304fce3d08c184c069dee17a5513fe1005e9fb11b51ccf6fef2d7a552da8a2e29aa8d1662bcdfc48f2a4ecb1521421f9e8abcfb95228a6e454221161a1835f3b46d9b547e4c2009f8fc0586587574ff9068e9fb8459619dd262bff1d7a92b2e669d6565b38a7c6643eecc293b2c78a7298bedb2469ab6c42538e43d3e127f71b9bae2302e36c6a2e7132097b9845ba61bede0a12b6086a1daa8a68d652236ab42065ef5e7852f65819247f7767dc48b3584d58314610d323e46a5e2517441cc4c7e16bae4652d513b7e9e3dae0f1467cac8042ee8812c995b2c3662e518796aa256f5f7852f658a1212f00b14691331207464a228231810e1cac8e62b1ef6ceb202fc3edd9e3626e2d5ac174798b9e4ae55efc7c7558a7282e31e25cadba2df542d993b2c70a0ab134b4810aa148108982486779f276adc62ef685983c34eeb488c03846a2d415dace30a4aeda657bbabccf3e91cc581c66e73271cee16c965827eee15d87b3537385f0f0a47c86a2516e86c612804622820cd549a39ded17b3ba3d65edf3909e82afa203be63a192fb12b21eff3e388e4982aa9239c5b934ab55227bee4f5de8eb5d7852f65849549be5508c0462821075795af512d5e6960e70d58e088cd349191f8b15a1cb24da61deaf8b2e108bf6ad761074b70b896a7fb5ad2762bf09a8932ccb344b5d365aaa6622af757e147952f658411cd6b9c8a90b558914309d8b773a609c9af8349eb51e2bd12e63db3a88a017bd4e9763599c880b558fd77672bdb388c3aaa669b92ab6f8dade52f6a4ecb152c81217066164c4102282743d5cddea5c3808a2551681a1abf0b37400e9f7f292751151eb90ef1f56bd1f837da1856c17cd347516838fbcf0a4ecb1d2a8d52a08cee0340f5096c5b685769f76cf772159a511183d79eb58094b7bdb065d2d8941df4fbb13b176b12f8e22e35e4a5b8754ecdde46f3706eefe1e558742a2a8350429c0dbdff541af943d297b1c2fde550ca466cb8a5a8c2ab2847006119098d55b0343869f92f727d2e3f08c97ecc76e17b8c5c4a95db6ab3d14f5b0df778566104a5e3d50496dda7259518ce8cd914feaf3a4ec71dc888a8154c9094cc4f428d4b8b8529c76a86831b95a3edd22308679cd72e28375396cafbd2d0bd5ee84df87d307abde63d93f7d085f1d4e35cd545c1844891f499e943d5618cd301341459d13d773aaee7a2bc4b0b44a2d8b412a7f0083c9b064d563014f0791ebe2e80a6549489c2e7aae2f790f7941d063dda1a0ea4014116de13245f1a4ec49d9e304cdf58d1823bd179d4c97415e1cd620e2b489c0181432d6e9cd0efa49c7b4cea70c1dabac8b897880e256edff7b8e6b62913f28a038459d2646c4c5e5c057b6f7a4ecb152488b5acaa5a0e45455d4594751012c97918625f1c94b06797bb16f351de27eea578650cf8354305df6493762d43e0ab54b7445d7a4117a2b69ed47bcc7724519546b23afa5ac38acd3c45ad524b1de4cf6a4ecb152785dbb96f26cc38a111531361fef1d56850ef08adbcd556515d7561e64697455cfdac711d063b02e58aa78bb916937bb42fb296cfa90f810df55971789a2d6227941a2448c530dc2162c344bf0f0a4ecb10208c3307308aead941735c91c3cad0dc104ab9493878c8e184a610e22b36143d51647572c0a7debb42fb45fccb27627f5a194fa90bf5b8f1ec55a7cbe3a9ba8738a9504169a25787852f65801b4146b445515e7509cba8569bcda450b5edadd1290d51681719cc913cb8ea6a07f52c7e24c3ded4294da8d6c171372b76b8d76c9041c92a8e9370b58fa3ae71c388751d70a8c71368abda7ec49d963a51195e32caf93eb5c9eacd5f6948b0a714e7bab64257f4db85a6a600c99de3c54f5371df092616a52680f72d6ee2a59758032d71ee44d6f9b6459179d7e6f3038cd70aaa4994b9c55e7d2591f7de149d963c550a8e1ca5c3d738a43d5b65bfd2c286565f0029082acc6c244cb4cfad061097a186f77d0421cfd17fe16dfba127c8fedf42a72d4f32232e4be1350e770cea1642d0db013e572abf35cf2f0a4ec71fc9c4cb4c125a866ea34730e6c9675b457b6bdfdd336d9385d8535307af1ccb0f2b18f725596da0b3d89ad8b4aeeaa96e9a37efbbd6e98d8e57e17955ecabcfbccc365a938a7b8cca69962c3344f1e115f4bd993b2c7cad19439efc6340e4de6d465d6d9dc53ee24121d34de5cded97ad54460e8325f7a3cc57d16bf7439e9d08bc8af1bd9f74a22d17e1b1c321a43875c98ec6878a0ce92e53dfad291384ae30d751f12e749d963c515f339afcdaad528b5aad639873a27479372c69254ebae47395a7d1118badce88b412f1d406a8b9fd31e2a59bb29dc2ec588547ba8d61edb5b5232e3780ae2770989734eac7390a569b9544ae586f7f902f79e943d5658530ac0681c2564d6a98a557539099b227944ddd223b858d58940b04a94f2209b428788335ece94bf9f87db2fbef82895acbd6d89ae8b82c3a8e51e0b8e43cd0eba7c5151543354354d35b3d54a9014bbd33bca9e943d560a6fff605e294e445a8a5a55b56ab54bf9ce21c69d59ad0904437420d5611e1b9094a1832c8c5e9e7237fb821e1644b7649401d1185dabd00db22dba64203a41ad032553ab36088226f8b29d9e943d56146f4e6c31e44c5dd55a7089ba0c5c319255c1da0e52eea5d05c1eabbc5a17fb868dac3866efb5572247b7d29c5d5eb3d8bee8e927c3d245bd1ed79e81fef6328b1389e65193aa292eb381d0025fb6f37445e877c1eac4edd77f4500829099cc3a754a62d5750c7a293ce501537c57742161b5d5c090de0f293d6a5dc8806d75dc9f0f1f9445fb45ba9361fbadf39b908e6d0c72141647840cb23de87fd1e87961ea159161412daa9a58a7ea529a7e0479a5ec71a2e064561d4e545ae2da61706661300ec57fa6284c74aa7de57e09240ca17ae95e6f4207d91ff458d8a347e2897627da7e84aa3dd472cff5cc5e9984c750fa5315d4628c26aace05a5a8e1078e27658f15c6d55f7e6a3e4c83701a55a7625b4ec139bb70d43aa32ffaa5e2b60bdeaf8a088c2e358c875ec053865fd85b4c7efd8ada7789275e523bb94741a29e4924da3f4b50fbd937435c7474e1d8aa75a87358eb12acba24715e297b52f658711465ed354d6745b06aa585dabcc6411b36a3773ddf458339588d5d480654861b2a46b78fc2d601568176ebb1d74b2543f782445d88ba57865fdf8b422f753fa8be09685e1e0555d754511755cdac1f409e943d5618ed928b51ad7204759973aea9cea1d6697ed84ce125ba4123bf18bcab24024397fd44ffd7aa32b003b5f68bc2e86123f4b42f7afcbd78d1af6757922e6a79a8dfd23b52439d85fcdc68aab34e70739de7908727658f1540bbe4e298329d4192d9ac659d9266a91c655fa81bac927179acf2aa89c018146970ac0585e853e37840b89bf6499956ed5f9068b1a21e2a66992e36478fdfb6e45ad3f139022ecb50e7405d534c90258db8de790e797852f65809f7a2e04f7b64d36cad12d7455dcb5a87cb3ac29cd481b3030ea3e6ae8509597d11185de7eb83ef0fb378d6ab74e6928cba1e2a59bb7caf610a12a9d237c38f612ac90dab9e01313897e270a4364b44350ba551f723c893b2c70962adf0a77fa335529259ab69965aabd666b290d5a7a069c751ec258c8a2e2426607545602c2329a46f91f8216a5ae8a07ac8ba54a1f7ab79d15575f7b1457a5d7f964485d07bff748d5e11b234139b294e5d9239496693c966f1948727658f95c4073e70ab012895cad36ac910495d961d5dbe733e816450f70dc90b13b9d5fa6b8709711b54fe721059f7b23a166db35be4453f65db378944fb57a11b3a76b9db6f2f16835d8a55876459528ba575ce4bce6f1647dcdb179e943d56124f7ef2e7a51875875c9659516d5a6717b2fa905c290f6511b08a22308e85807ba9e07ee4b50c52d46e9fbd38a38f1e45897400210f50cbbdc87850ecb203447136952cb3ce5a672ba57243e4754ebd4ef6a4ecb1f268d3ad88d96b55adaa349c4dc1ba8543a7e9d1f354ed57f07e35adc62f97800715aa5f46c1a15ec4a8fd6a5e0c615ff454f2c35c1006c52e77f95b0454f2a6a9985435cb6ab52271e483beee8527658f15473b8124b0b257d1cc695677ce762490481eabac432c18ada682f7fd7ce261cb730e5295c394e6ecd9f6a99f7dd1abae325d9aa9f6fa9e8376ce10b59fdb29e0ead4da0c559738b5ce89ce0190f8ca9d9e943d561c6fcf0200a28ad98792a8730d758e2c4d8b853e2952ad0758125af88f1214e9d6ab49250fa1a287ee40ddefb10164afc3248d707463d54e4ba367f122868c59ee5749aecf02a02aea7252b616174a380b0bb5533c3c297bac20da71a6adc41d1268644e5bea1c59d6d113535d41cc6670e174919c98575b77eb6e53fe7ea1603d89aa5f35b84185ec594acccb2ac9d9ed39ba47760cac3fa403ca8c766cc439541d88b68c73cea99bf123c793b2c70982483ef21efdceaee9722d9ec6b95692296992c882a7ecba1426eab19026ab290263c862ee0343c4b40fa10dda6eafd4ea7e35967bf9c2f4492219a09619b20bf6e27d2282b529d814b534ac3a17a81ceeb4be3c3c297bac347529f2a45fffb7ac168507accd52e76c6ad30444730b432db87488b5f6a226e56a89c05856a1fa41e17efd08b81f11f652dabd92467a5843dd3a8b6b3f0ba6df8587de759717ef9ff96c3e459d6b229aa571781880c2faf2f0a4ecb1c2b8fdf637198038089e5067ad11d3c86c7274589ced8cc0e827908a82f7ab295aaa5f01a28109235d2c8c5ea539fb96e8ecd2fcb45fe537ed957add4f6d730c0abc97aa2f3e430c364b70cee2346daa2389a2e008003ec5da93b2c70942d13d428cecca9c734eb5ee529ba7579be2f0b9a43bf32c56950e0882555203631895dcedb9e52ceaf55b5ceb4278da8b38198e40bba9e6258b890354f250b3808582fd364bb0cee1acb6b0d2cce2fa4cfb5aede149d9e304e0eacfdda80011fa384e12675dc3599b4760cc2b653b20d8403b9472b07a0b1375b512a07b85b42e4922bdbcd7beed9e06a45677ad99bcf87b68f7346ea5c7670cb15038b00bb62b2649a96499c5ba242d97cddcfa67df582fce0aaf943d297b9c10bcfea579ac72499f30461bced986554b9a7486c5a54babc5f5f45ecdea89c0e8d74f6fe0732cb50794eef6c1b031c93d8b112deac9a75d42e4ba591c5dad91017d07072a7e162ec6082e4b70aa995a9755e36846e4b5ce77b1f6a4ec7122d11e5e4f9cbfbf14996975ae65ad25491a1c1d8191f6389c5db2c0cc2aab81d12f944f75080ba31771d1234bae5fdd8c6eea970116c600a5cd80ed2cf1c187ac24a70e9725289238eb6ca51ae57ef29fdfea49d993b2c709e4645545465ff55f5ad572f884cdb2cc5acdd256220b11189ad7563603d4567b7c9bd5926e3d6cb1a12e1646cfe97d2f8ba0870ad76e911d7d546faf8b81f628f789f6b74cb4cf3ee9b988d976309c5a9781ba96aab5187308e0f69b3eef49d993b2c789443b02a3528e1f75aa56541b366981730b2c633b94b2f633535d1eabbc6a2cc76e1e6d2f05ad835567cfd29cf4b014e85215ae972541f78244da2f6eb99b6d427f5b65a82a7280b36896824a13a70ee4a01f2d9e943d4e068a088c40c387ac75d641ddda14b59d1118691f22ee18ec8e55b6d807fdeb3c0c93ddd6c30ee95aa8bec776bbd91740df7a17c3d467eeaac6fbc52cf708e55b12a32c458cb245356ba95aab1107c1278e7852f638e168476048903d22869642dd5a4b962405299ba23011fda3c3da4a390857490d0c8650c52c25b4beb1c9c37696a6b7a2ee9a343264469ff64a2219d02dbb67f24a8f4548316436c5598b3ad7543519597c08166aa6787852f63851282230d266b08b2c9871ce36adb5b45a4d8e2ae1a9597775bc04aba906468f05b7be910983d2a8fb5920f4e9c7c780a4915e9c3cc036e9d77075c9aed01e29e58b5e27609326561dced916a2cd11291f04df9bcf93b2c70947510343d6bff87d87caa5708f4db3d466d6258da660da63b84fbfbec5d378215fec5b351118fdd4eb6235dc4d61f7480ca14f25b6414923c76b5f68af30bb415d49ba59198b5fe3c00869d2c25a4b96b9a4120733f58db3478af3c5c393b2c789c66ddf78931141ab71f4905367159a69ab0e4e11637252b6c942efbe4124680256cd625f5f0ba39f4a1e90c937546a35f42d28a4c792d1b7e82278d4a222dded8c6e2abedf4c47059b34c53a6755b3b414c58737dcf0be4497f406f3f0a4ec7142706db1d81797f53e75ce39a49e64099aa53abfd8b7a43594f60cc040c2559a8aab4b17ea74d0747fd842f67451c97d3ce05e5dac179368bfced6bda23c7a5d281613b9f6b03dd491652dc499963aeb6a23f13e80dbef7e931fd39e943d4e0a8ac53e13ca7daaae095a579b9125ada3233074983264e40924aca674eb6358e85b8e0aef59d253fb94ebecf33db40f61f624fb1e5118bd6ca66e17d7f91865ab2e4d50714d9759a7aa7b018296ef38e249d9e3e4a058ec5b5f197fb8528a0eabb5cd3473349a4d3006c514b1cab6cfb497799585982202639518cbda6b4adf8fb087e9e4d1639b3a20b5bae702dea08cbe210a1b0d4af5d67ee53f158ca05986b519ce6ad3aada20348f0358e3fc58f1a4ec7132d05eec931f78dbe1721c3dee5c669d75366dd40524d7bc6a8b1a18a68bf25ab2c5422d9f0e1606cb28c9d94325f75c6483be352f8e0a75eb534fa367d2093d1434036296b5b79d83214d5aa8cd506cdd202db576372c844f7a7852f63809b8abf00bcba5e081cc3a45a499349b3911b7d3ad6ddae3a82e525da2aba80bc9322c8c81aab5474c72af05b681352fba1524ea26947b75b6ee7111d0012da3faed262364491d6b1dea6c4bd0b930aaede99c51797852f63809b8ac5daed3700faa16a591662d48129d8fba7045c1fb5e2ab9f3a1d51481719412d4de4ab75f69ce81253afb91623ffb62d8a244bd3a5b2ffeec1e1798250b90da3d1c4e84a4d5942cb338ebd25a1c1dfaf2e8ece18e19958727658f9382766d6595fb501a8a6bd82ca375d4625f325c68d96a8ec0e845cecb29cda9c3aae47e0585ba95e7ec676130a03594f6206296aaf5de4616a892b69aa86a62b3cc964ae1beef7fe6adf69deffe801fcf9e943d4e2ada53d3acf570a9141c72cea5997534eb8da317fb7a0deaa348c7e5fdfac20ab8d5e2612ca7e0d020953c4c6a758f929d83487771369ff62958df330aa34f9de59edfbfbd0dabb6d5408c3455d555e27017c0eb9ff6259f36e249d9e36442242fe3b9e6c51f99a945e65175995347d66acc092a792697da45ddadfba5223b88c7208c595d51181c47694e5d466a35dd956cdf8cbe212e1edd7afce9a08cc23e1792ce4d1941d394cc26386b1baa99b5010f017ccd0f114fca1ea7004519cf7235fe4e6655c5d068b5ea794b28e95cec93810e462e9815e2512064f5d5c2184229f754cbc7905abd9884979dd137a47dd1ab787ed73eb19d9f9157054c5a4d34cb00ad1ba519c6e14300d7fac80b4fca1e271f6d356402f34d752e73ce35b224214b9b9a87b869d148d5d0bf24260b36869a9c98574ddcf280f0b781997b8b09ae4fd7eaae05ed7b9073af5aca8322367a12f2805a1d8bf6813a010c69b34e6633ac75499a8633c9c1f8f1a3ec2d0f4fca1e270fd75efd0e072096ef6238a24a2bb39666bd0ea12978261db058b458c1d9bc6a5c38b63a823174994a19ba2bdabe8ab4576c327d9246fa7dd16e7530fa7d9f3ed120bdd4b21491178d3949ad73ced9ac5289f64ebdf4cf0fb7ed2d3f423c297b9c64b4934826eeb9ee89723978549d75d6aa6bcecd4a51fe2db7323a15efa052906dc56c4288461679d2a75029f7f5c37ba544333869a41b316bbfa41186b0305864790c4a22a1bb5aeee3290b026a499a0d0469d92c73e5307a5404d577deeac7b227658f534659df7aad915f7b832bc7e1779d5a045a8d4603d41515e3b28298cd102ab91316c21284b5536f630c5d9a93fea9d55dc9af5f2de5e5d8175d6ebdea30f72ab8df3376bacb85c01848534d5b0d44a8a3991b19d37b0178e6677de48527658f538d6a58bad35975088dacd54093569e44d2ee6e6d8651c98b9e730e822a9832ababe5357d6c883e53fea153abbb257ec0b24a85f6ec6cdda75ce8e20bc062b5dc5907c3983c3ed9a538eb1aea4c2b0cc949f933cff0d68527658f5385bff87abeca9e39ee129845b5956519cdb946deea09f2daca04fd09788925d0a198a34ad1f5fa5411739facb6255d498e35b5ba87b5d0959cfb59188b2f1683bcea6e6a9cbedf5f5d5ed8bed59c23c9329cba56b9141e2995ed43805fe4f3a4ec712af1aa97e703305c9b3d5489c3c79d539739d57a6336b71d3190cd41eb701151b1e830eb1005165421aa159daf579b62ee55498da504a7435667eb1541d135c2a24f41a2be9dade9f237bd0bef776c5f82004cc0cce183a88ada2ccd4a51b0abf2dc0f1d04c42ff27952f638c5aca4fa01b3e1fb6e4d4aa5e81ed54c44489af5593061ee2b4b00e92cb40ee5c587bae6530f28b5a69afbcba7ac9f5faff46918588868a035c0802e213d3ea7ab501ea6b3750f4b63504289165d62c29027eefb96b6660f4910c801e7ac8c56a34700d57bdee0c7b127658f538dddeffa2b035089833bacaa33625a49b3cea15d8f28710982a050cc2d681ccc2d09cc8014ec6e046d20a89dba1866edf360d77af03dda34f524ef1ea16ada635b037bf4f5ea6cdd6521507bdd6f7f0f07615e9fe4b17beed4c6e10362adeeabcfce3c5e29858715fb0f80f0d96bbd4af6a4ec71aab1891f7300f57ae30eb51a67597630cbb4b16fd723f2c83d77e1d20c2995f2157b9741f360d12ecaf457c74bd8b028881fd4f2249355a396fb750be96757d05d25f7ad5fc1e0a244cbea6c4d8f50bb85fbaa0ee218cd521efeced735a9cf88551e6fd4a7f754e2f040189957adfbf15bbffefb6f7bb7c8ab5fe92bdb9f41f06134a7b787213cf8f6e0b12f7df9cdcdd4fd4233b1415c2a5550b75e8280a92de732363909690a59961fed781c4c09c8164da9e933952f4e15b590ce9d8276c9527c6697ff8f7a8ca58f2d79bce33e74fc968edfd4edb16395f83d43f8165b150bf7551d522a91cecef0e83d77a29a91597d2469ccd64ba5f8bed13078d3e69ffdf023aab71891577b42f6a4ecb11af1c8c77fee69ad7afa3bcd667a7110876968a249ab693c36be8ecddb77e6d3e0562b57bed1485e1d4e1ddda319ba91b216f687cd17114ff6a9d39584fb10f492f7742366baffbd849c871d2a7d223c7aedd3c58b92aa502953dfbf97c7bff76d14519b650fa669d396e2f8cb2529bd65fbcfbdffd0e7befacae0a6a7bccf37e43b0311f85d700628e66fbe3e9878f65f3cf2d61f79dadf8cd674c2a9bbaa95a5b3411069d29c2b1f3eb89f52a94c3c3a960ffab491934c18e50589ba914bd7f8662d7afb057982caa956cbf3f717716627c90a8bc897e511f392f70ee2641d40d27d0859044a650eef7e449f78e03b624c906569f2bd80d48cd54aff7bb3adbf65fdcb3e32ab7ff67e73ee8ffd57af90bd52f658cdf8dc975f17dc74fdbb2cc0e31ff99917ceb5dc6f36936c7314851631936083f1b5936c3c677bbe08d86c206109c291620b6e804aee7cae58f4b3f5a37b029e4ab5dcd7c660e9fda3b6b798c4e53887880eb8c07509d59300e2907d0fdcad47f63e2a12448d66a3f1482990a8520bdebdf5c51ffe7d80dfff53cc7ffc053c217b52f6382d14b3229fffcaebcd4dd7ffb93df4373fbfb99e34fffb5cd3fe70cbdaa41496469dcb46c3b8c49673cfa73c3101ad463e592a8d824a41cc3d92338e22988ee76dab50cde6e49caed28b6cfbf9c89dc43ba44a965ec3430690305df6d58046aa61080abbeefb96d60fef1309a2e94663f689526428c5d17fdbfed31ffe90fec9fb0d6f7985fa78644fca1ea723397ff9758114aaf9e1bffae997a60dfdcff5245d1745b143588f7366dde466366cdb96bf3ecd9078b48847b60354721722b24941cc27e1741aa8968751c9838879d17d59c650511d52312bea14299571ad391eb9fb4eb2e61c4e8203cdc6dce16a399ca956c35fdef21f3ef429bdfdd5815c7d8b034fc89e943d4e6bd5ccdb3e20f28b2f777bfff115e7b5e6d2df6d36b3e724561b41188eabcdaa51b9cad61de7511a1d85560a61194cbcb000d84d2d7755d19287ddb9e4249c529d3e72b705be1e2a7afef57d88b927012fe737f5a861ad5dec8b5285d691fd3c72cf9da8b58ab0bbd568a6d572f870392cbd61ebcf7cf0db0fbcfdf9e1ce37ff4be6cf684fca1e670a397fe395815c93afd2effad0cbdf50cf5affb191d891280ed539b7ce80acddb899c92ddb0af516224189058f59fbabe4f9c72557cb9a9e043dd74d25730cc4dce5ef81f6c532c97949eba9bc2632719999dd0fb3ebc1ef6a1485d26a6687d525b3a538fe52b91cbd79db4f7e708fdef19a409ef41e1f617196c1278f9ce957dd6bde67fff49db71a5564cbcf7ee09de5f1e087476ae62bd626b1a07bc5048d83bb77f1e0b7bf49ab5e474205d71892583b89ba483231a5c2063991ccdc2f69a4f3f94e4b61501247bf8244babcefd5abb3b51635abe312fb1ef80e8f7eefdb8889489a297160cb6bc72a1f5eb7b3fcb3db7ef2837bbef8b2d77942f64ad9e34cc7036f7b41b8f32dff9c7decc75f1a5cf353f216eae92f355ab61a46a13ae7d61890f59bb6b07ecb569000d50039ca67a6877aeee23fab2b6ef6049d663dbce461e294bb2a64fa248d1cbf7da14e91280697f1e8bd77327d703f711cd36a355c290a8c1179ecfc9ffbc83680cfbc9ce0991fc013b257ca1e673a76bee59f337ddf07cc8bfee65677fe8bfef28fca81f9a15ad97cd5a649c909fb25081a4f3cfe300f7cfb9bb4660e23c69267fe497742eecb4b922b66131575334e805a561d4215f750bedaa31645df0243c3dcbaa866e7907299a43ec3fd777e91e943fb2895cb589ba14e25b38a734c1ef9a7d7ed5490db6ebcd52fe87952f6386ba646af7cb91350fdd66b83ad3ffbe13bbeb63dfac1ca68f537cba1645992383191b61a75eefbeeb7d9fbf003f9e29d68f73a463d0be8eb22456bf269bb9813a09afb555ba347779101f685f628a139aca5d279111081728d99271ee3813bbf844d124a7185b4d9248a23c4184932ebe2d8c4471af50b05f4976ff8829fc17a52f638ebc8f98a775b7df707cc8b9e71ab3befa7fef20f6a71fc83e538f87a240eabaa6118b067f763dc77d71d340eef4322cdd7f254869cb6f721e8f9dbf1724fb75e77bdca780ee830adfdea24f7a995dcad209116fe71104014b3e77bdfe2e17bee40c210138434ea738c8d4f70dea557110521ea9c2b850165c71500bb3fff9827654fca1e672531bf3657cdd3b7bf2adefc920fde9e19f9ed6a3912e7d4d92ca55caa90b512bef79dbbd87dff3d609b79cdfb2549242cb20ffa3dbef8f99520e61e15d7fa75adee59e2b3cb76162bf201bdf9541d94caa8cd78f89b5f61df630f52aa545175b45a75366eddc6960b2f86b844548ec1b93cb0d0c815009b9ebac3db179e943dce661cfcfc634e7ff31da652e20213184450754ada6a214688cb65f6ef799c7befbc9db903bbf38a29a6209fa155722f95bb52fcd3afb87d2f625ef477a76ad67e3dfafa286601a954691e39c07db77f81b923072855aa6449139c65c70597b0e19ced9024e02cd5ca08ce5949334b33b5970270d5db7d1ab527658fb3fa247831c86fbcc989b22310c1a629e5da08dbcebf10eb2c49ab49a95cc1ba9407eef92ebbeef90e2ead2391e9a3348751c92b05eddf02aaabc5d1f13eedb160b784a0fbfc86f9fa15250e3e741fdffbe65770d61295cab41a0de25299f32fbd8adada7568b389aa820ae55a0da79866e268a5d9ce7d7ff5cab522a8aa8f8cf2a4ec71f62ae53d3b353f19820b33a738e7248e2346b79ecbc5975fcde8c4048d461d15435c2a73e0c03eeebef31b1cdefd28180523a8b3c7a0924f043143f7b6518ebe1e72bf02f58b097ad14d9d83b8046a79f4aedb78fc81bb89a21863025a8d39d6ae5dc779975d45582ea3ad162292dbe92ea35aad111a23adccaa75ac5171e7e51ff8214fca9e943dce52c893ae7ca7fdd6ef3e3b6cb6dcc5496a519072a5068d06411c73eea557b2fdbc8bc03a5acd16a5b8846078f87bdfe3c1bbbe49323b83c421600b72ee55577839f6c6b112b3f6b8bff83387e9623d20ec4d0bbba25aa171683ff7defe050e1fdc4b5cad626d469236d97cee4e365f78495e22354d91f9147103ce1197cb847104d6d9d14a4c18ea25007bdff5113f363d297b9c8d78ef076e15802d179dbfa59165e734932ce799da481e0a97a590248c4f6de6e2ab9fccbaf51b68351ba8b3942b15e6e666b9e75b77f0c403f7e75c1387451d0cdbbbd0fb09453f621e645f2c26677a64f515ed9aa208a2987ddfbb87ef7debabd82ca5149769351b0441c8f9975ec9da2ddb204d16d2ab3b5128ecb894c72c8b1152ab570110f973d393b2c759899fbf2e8f89b5ae79d578252e6599b3411048b55203eb1013e453f456036342b65c7429e75f7a056114d36acc110401712966efe38f71cf9d5f67e6c0fe7c2a1f06a84b8b7a188eee511127989c97a8f51e8d540775b13e2adccde5eb79e532b655e7c13bbec8130fdf4b5cae2026a0d99863cd9ab55c78c593288f8ca1cd66cfd982ba3c35bd52a9e29c93cc3a92c45e0e30a92ff28b7d672942bf0bce6eecfecc6e01502b37c451807556cbe50aa65a8674a138998880b36833a3ba662d178e4db06fd723ecd9f52856a054a960b39407bf7b17e3ebd6b3e5dc9d8423239024a8b5c8495db7d2a23eb42e44dc2985522daada69f1bf14ff7716569a7f9f1c45e6aa8a84118411871f7b88dd0fde8353a554a991264d00b66ebf80b59bb7e43d1193d6825dd1e7ab566b23a8aa24a9c55a77e1becfbe349667bc3c59f8321e5e297b9c35d8f4fabfb7008dcc3e23491d2ecba436320226cc95dc228848deebcf59369cbb838bae7c32b5b1711a73751421ae54993e7490ef7ef3ebec79f07b80e45db5e789f02412f3e2ff7b65eff50a9febec9e5d84bab92ce1e16f7e9587efff360421615ca2d998a354ae70e1654f62ed96adb95de1ec90c9318e72b50622d24a2c69e6b6b03bdc06a085b5e4e195b2c759823ff8738c08ee7b1ff9d9ad49e2aeceacc3a99ad1f189fefa4c7282d56693a85266c7655771e489ddec7ae4015a8d3aa57219e7e089471fe6d0bebd6cdc762e13531bf3f726ad0ed57a9214f362357cd4472f56cd1c2550f34242250884c38f3dc8ee87efc76629e572159ba6b4d216939bb6b2f1dc1df9eb9b8dc1eab8fd29c680b554aa55a230106b9d1d1d892313b88b80ef719d4fb7f64ad9e3acc24f977ec4288889cccdd5525049336ba3309491b135e0b29c34fa72b34096422b617c6a23973ee9294c6ede4a9ab6b069ab28ba93f2d07ddfe5fe3bbf41fdd0212895f305325d4e49cce325e62e9118dd92433a1602551d1841aa55d2fa2c0fde791b0fdffb6d4088e232ad6693200c39ffe2cbd9b8f37cb0f6e8e88a61612da654268a4b64ce6a290c51c3e5007bbfb8cb93b257ca1e6713bef37f37eb16d0bb53fbc2500cd65aad8ed4086bd53ce36c38bd979358ab8504019bcebb88f5939b78eca1fb993e7490308a2857aa34eb73dcf7ed3b195fbb968ddbb6531e9fc87dd73465be4bf609e7675dea2bcb2265ac20081297214bd97bdfddec7dfc2110a15c2dd471d262fdd446366f3f1fc2009acd7cbbc7aafe838052b942abd9445170c1950064bed9fcd9087f253e4ba18a88a00fffdf57af491e9bbd3b756e43a3d164dbb93b64c3f6f3d0467da052eebe5d45a2088280d9fd7b79fce187a8d76788e332c618d2b4853a58b36e3d535bcf211e19cf43c3b20475ee983e73d9a77c973650dab613a208140eef799c271e798056b349a9540103ad46834ab5c6d61de7515dbb3ef78ead3d2e2b469d432a559eb8ff1e763df6b0dbb066cc8870fb393ffde12717d710bfd0e795b2c7d980efbdeb8703e51feda3875bcf374626b394240c4d3cb1761dd8ec98c9514472f59b658cacdbc0856bd773e089c778e2d14768361b44710913190e1dd8cfa103fb195fbb8ec9cd5ba98c4f20989c9c6d869c30e5dce9331717912040c23c236f7acf1ef63cfe1073b3d344518952a542da6a01b069dbb94c6e3d170203cdc6f1a9e34557c86a6d1455a4993a4474e781f7fdcc5a910f1f685f3cfd19eb49d9e30cc779fa4227fca3de9bd997a8537099a9d5c68846c796615df464e69c6b5a2dc418d66d3a9775eba7d8f3f82ef63dfe18ad56332767633872f000870fee6764749cf5539b195fb71e2957c166906527443dabb339e94711128690a41c7ee251f6ed7e8cb99919a230a25c2aac8a568bf175ebd872ee0ea29109489ab98fbe420b9502e02ce56a953008a4955a2dc7c1b88e87e70107be71e79b0dbcdd7721f1a4ec71465b17b7bccfc8ab5fe976ffed4b2f9a3d92dd9c58d772ce9526d6ad07cc8a11a1b4a3345a0d240898da7e1e931b37f3c4ae4739b06737ada4354fce73b3334c1ff936e5728589f51b583fb98968640451cdbd676b73557b8cdf2b4fd4905c15c7318890ceceb07fcf1e0e1fd8935f28a29872a582b519cde61cd59151ced97631a3eb37e49fdface7bf692523474c3bddba42188538e7ec48b91c2ae652e0abe77ef9216f317a52f638e371e55704206bf28accba51549b511cb366dd2464c98a2bd33cf1c4e5e162c562e0c62d5bd9fbc46ef6ef799c66b34e1445445105e71c7b763dc2bec777313a31c19af5934cac590f950ae25c4ed0cecdc750f7faae473d6f4c41c401642d66f7ef63ffde27983e7208754a184794ca55b234254d1b54ab236cdd7e1ee31b3682116835177ec789807310c7c4a532f5d95944c0aabd0ac0bec4c1ebfc29eb49d9e3cc55c98a20ef7687fefe27270e1c4aff83431a2ecbca6ba72631d5eab2e26c8f9d9ceb481032b5e33ca6366fe3c0fe3d1cd8b39bfacc0c4684382e2322cc1c39c2e1830788e298f1f135acd930c9c8e804944a7986a0ba9cd01627b9189393b114a5459394b903fb397ce800d3070fd26a363061481445a87324ad0451a88e8d32b9710be39353b91a4e5348dd098fa956e71031546b356667a625c91413b84b0126ffeac50efec99fb89e943dce547ce78f9f175cc627b2fb5aa51f6b248d73c3206899c0c8860d9bf305be93f01de6c9b9912be7759bb6b16ed3161a470eb37ff7e31c3e78009ba5046148b95c415539b47f1f07f6ed218c636a23a3d446c6a8d64628952b846198d7e820f78bb32ca3d56c50afcf31377384faec2c69ab85312657c5950ad65a5acd066114b17ec314eb366ea6323e9e7fc1342d88524e52924b7eeda8d44681274c33c93046cf9bf9e00f95e4652f6b15817c7eb1cf93b2c799884bdffaaff6cb479e164a337d7960a4659d2b8f8c8d128f8de5215e72f22ccca394b331544627d8b6662d9beb750eeddfcbc1fd7ba8cfcca2ea08a39838885155660f1fe6c8c10328608cc1b4953179069eb316c501f9736118ce137192a4882ae56a8da92ddb583f39552c2cbabc4e4711ee207292ad5c75542a558c88a499b3aa6e636bedba6dc0fd7ce056e1e52ff5a4ec49d9e38cb32ebef2d24044ecf7deffe32fa827ee9ac00499b82c58b76163914ba1279f8ce8f085d326a4421086acdfba9df55bcf21999de5d0febd1cdabf8f66a38e53250884208c305dfc643132ffb83a87758e66b38911a152adb276c3146bd66fa032360e26c82f44cd06ed049653f6fbada554ae12c6212264464ccd187b0170bf4fb7f6a4ec7186e2b73f77a3feedbfd9c0ed726f14d482564b950aa36bd743929e12425ac44ef9ff1dea39ae5699da793e53e7ee20999b63e6f04166a6a769d66749922457c59d69d485ca3526208e63466a55464727181d9f201e198120cac3edd214d5561e1a27c229cfa37296a054228e4b24ad84380e7136bc14f817dfddda93b2c799a8926f7b7520d7bdd63efc819f7dfe4c9a5d1b848175ce4593535b2008d02c3bf5a4dc4d3d67099a24f304bd6e6c8c7590c73027096992906619ce66452e87218a63a228ce232ec2e214cf8ab8e7342912facc094c5039460401a5729556b3699c73cc35b8147c776b4fca1e67247ef3534f55d55be4bef7ebeb15758a8e97ca15c6d66f38b6423a270d66a12c4641c4027984451812c731b198a34b1fb7a332b22cf789e745f82a24e2f6d7760e11a8546b1c3e7820708eac99a417e48e92ef6eed49d9e3cc52c977bc3a9027bdcabe62c34b9fd76865d7c5e5485117ad9fdab82a55f2500abab039c8b22561096dd2a64ddea7cd8152ca951a26f7545acdc46d3df40f6f5e0b6ff7e9d667117ce9ce3317020440f8b45f784cbe7ecfcda10bec9b83387346188fca25c6d74dae72953ccc199c475e74de58f1a246ed22cc27ce7b9622b3af52a9100401823a31e99acc1eca0b35bfe7c3de57f6a4ec719a11b029663e210bb528ad40f6a5cffe4bb6f58e737ef448337d0a842554e3751b36177df4fcccb8ff9e0dc0c410c4f922a1094f5cd8a07344edeed6022630711c86e703f23b9ffeeda838b64171ac3d497bfbc263151170e7cd15372dfe6f635d0497a4c8b5a0d77df99ebddf1f47c1ba73378e13572a4c4c9e012af9c4f90805194779d8dcbc7671855fad7943d81340ca443171a9c46c92850033b3e9d5c047fff347bed3eaf28ea0e302dcadedb68727658f13a882e7d56f97815705ce07ae04ae059e0c5c628dacc3293f7cfd76d68d974022e25058bf71733ec54fd3939a2c72baf03161292764098a15c2762b290764473fb6d2a46c8472a9cacc919992b5cadf7ef1a13703cf0e45eeca54ef00be09dc0bec2ace855e444dc7c5da13b527658fe354c16d69663b88b813e7009703d715b72b8ac7e695af88e09cd328c0fefcf32fa2d1b4c18e2de352a98e30b2767d5e9ed313f252751cc6b95d61c282948b7da42e6f86aabdae8b2b733d102088a27c554f84521854806b9dc8b5429ee003cc010f01df06ee2c6e77038f0069974d9b8e734a3bc8dac393b2c731d8106b814b0af5fb14e049c04ea0d22660630cce3954d56a3e6a45550d20176e5b134ead29936844284254294360d044bd75b198908372ee1d9bb6775cf0589b88454f9293eb00c1b98cb97a230ff273f3e6bf11919a31e632e7dc65c08b0ba24e80470b726e13f5770af29e5d744e759b8179fbc393b2b721ba0c804a61433ca9b021ae2e08797da70ace79429daa3a40acb5ed6d07b55a8dc9c949366edcc8e4d414a63ccea30d65db48c25ca66407f6b176dd068252398fe3f5849c0f83b00c41615b048575d16660b5b98f3c1f0bad74698bbd2227080a59661103711c31ba764aa6b69e27d9dc4173f0f061541555556b6de7c5db88480c9c57dc7e50e71bc3f27861777cab20eabb80ef01fb07d81f9ea84f2151789c3c1b62f16bb601972db221ceed42c09d16469bd8250c43d6af5fcfa64d9b989a9a62c3860d8c8c8c108621aa4a96651ca9a74c94327eeaf2064110b1718da1521d63d3f91742ab75965b189a2be2a092137250ea88b0088b239681cbc0a6605bc5ad993f762210453c7cf75dccced4b1d672fb9e0a9f7c649c35e58cd97a9399e969f6efdfcfdebd7bd9b76f1f070f1e24cb2fae8b495444e4a8ceab1d447db020e66f03771484ddf6a97580fde17d6aaf944f3b1ba25305774e19d774b121ceebb4213a06cfbc0dd141c2e19a356b989c9c64d3a64d4c4e4e323e3e4ea954ca59df5a9224616e6e0ed711e6160786ddd370d7be882ba652a69b65548f3077603fb575ebcf6262d65c140695dcb6084b475b17ed7acd1a761cce62b14f4f50772663d024254b5a5884d4391e3d90327df8004135af0f3d3131c1faf5ebb9fcf2cb71ce912409d3d3d31c3a7448f6eedd2bfbf6ede3c08103349bcdf6c5bc9348010211595bd862d7759075bdb03abec3529fbad5c5fef03eb557caabda86588c72870d71dd201b82b689d871ab56ab4c4e4e323535c5e4e4246bd7aea55aad1204015996916519699ab6555231a6bb544d13c85cfeb55ffaa416a54838677d99200cd87ec1a5859b7d16c62a8b40582d08b9bca0944db4105de15270c98242ce9a903572a5bcc243479d43ca65ea070eb0ebe1fb996e09699af097b79739300795287750dca2631586214190175f0a825c18a769cadcdc1c870e1d62dfbe7db4897a6666861e246a6451fe7941d419b94f7d4f41d27714a4fd2030d3636c041d9fe1ed0f4fcaa7c486803cf2e1b20e15dcb62164181b220802d6af5fcfc68d1b999a9a62ddba758c8e8e1e6543244982b5f6a8416986cc5c0b048eb4e0d229e5072e483041892d6b0c95d1354c9dbb134d5a67d7a29f025105c24a41c895220cae4dca6d42ce1648b84dc859bd088d5be1afa48a944aec7ee07ea60f1de048c3b27f4678dfd7232ad1604e5b7c5e44514458745769cfa4eaf53a870f1fe6c08103ecddbb97fdfbf773e4c89136012fc7fed80ddc471e9e7707b94f7d3f70a0d72988f7a9bd7d71826d888b0a027e6aa186cf5f8e0d313e3eced4d4141b376e64fdfaf54c4c4c0cb421da04bc88e487fa6199422d86bb76c3056b03ce9d6831ddaa821c62eee0016aebd69d4536861ead8ce7ad8b22f242c2857864b50b768566c5edc4cc2a2408708d06cdd923242e009772cf8190c43a6a11581d24fc8f3e2f9224a1d96c1e75fe0441c0d4d4145bb66cc11883b59666b3c9f4f434070e1c907dfbf6c9be7dfb3874e810362f89da8ba83715b76774f1a9ef2a88fa9b0571fb786aaf9457d4862875d8104f01ae290879c3b03644a55261c3860df336c49a356b8ec9865889d97a924114c0cf5e93118870dea61aa181ade75d4410c5f962d6197d4a140b7b61ad50c91db7362903d8046ca350c61db7a45ecce857781fa942b9ccde471e64fac05ef6cf2a699af281af474c37a0142d948b3e5e2cbed00741401886f3b7b64f3d3333c38103073870e0c0fc8262abd5ea657f049d53c20ea29e65c1a7be83059ffa517c3cf5594fcacbb1212e2fc8b71d0db17d581b220c43d6ad5bc7e4e42493939343d91027b3f590296c8c4b36c00f5c942141c4795365823066cb79177524479ca96741e12387958eff2b0b7f9bb0f08eeb1d645cdc4f1b3951aff8905108236cb3c923f7df4d3d510ecf34b967bfe16fbe254c54722ff94462904fdd3e776767673974e810fbf7ef67fffefd1c3c7890b9b9b95e44ddcba74ec8170fbbc553cff518bb67954f7da692b2e962432cc61ae0c20e1ff86ae0825e36040b81a9f3c560c6c6c6e66382d7af5fcfd8d818a552091199b721b22cc35abb84804f89875b74e03cd280e75ea45cb2c1323e5a65cb84108fac6172db76485b67e869a185775c29fce44e52aee58fb914d2b905424e3b48f90479c92010853c7adf3d64cd391e3d9480b57cf01b0187e6a01c9dbaeb6427592f56d4ed73bced53efdfbf9f03070eb07fff7ea6a7a75944a26e00512b47c753dfc1423cf5c11e5fef8cf5a9e50cf90dc3d810e775d8104f062e6619d110e572990d1b36ccabe0356bd6502e9709c3f0281bc239377f3277f3815703ac422b839f7c92b2a6e4d83639c27819c6d66f647c6ae319e82ff7b12dc20a445550e96259b455723d8fc23811b645a9c2e127767168ef2e0ed4a1516ff0f55d019fb88793a29257c2fe88e3f828a26eb55a6d9f7a9ea88f1c39722cf1d40758f0a9efe4689f9a3ef6472f1ef0a47c0a6d886d850dd12eced3b621ccb0d110ebd6ad63fdfaf5f3d110b55a8d288a06da10a743148300cd0caa31bce4490e11e5c2ad13948d65fde673a8ae597b6611f351d1168b2c8ba00441b8901c9275f192d3c609702d14a288d6dc2c8f3f743fa9131edd3bc76c4b78ff6d421440b0ca0bebb6c9b3c8323c8aa8db8a3a0882799f7a6e6e8e83070fce13f5a14387da3e7537b5dbcba76ed7fde8164f9d7451d3a79d2f7d3a8cba4157bfb60d71cd221ba23aac0d313a3a3aaf8017db109d0b71457d89d38a807bf181119869c2b635f0a39741a6c2e5db47313826b7eda45c1bcdad8cd39e9817abe476085c395fdc3345005267b6de62b5bcd2fe4141c89a243c7cff3d28f0c013730462f9e8ed86478fc0589ccf684eb7dddf8ba83b5575dba74ed37489fd71e8d0a163f1a953e031e0bb0549ff1fe0b38bc8f9b451ceb2cabf9b59b43363f2623c6d1be25a969994512e97e717e3366cd8306f43044180b576de8ac8b26c9e8017fbc1678a783485bf7cd566b8f97cc51172d5f6515495a96d3b88ab2367063187dd6292cb0b05ebb59d465dc423db8e9864b7c2d116aa793357a73cf6bd7bc0a5dcbf27416d8bcf3f287cfe0198a81e5d6ae38c38df0a82ee9c591a6396f8d45996d16834989e9ee6e0c183f30b8ad3d3d38be3a9db3eca51f64787a2fe12700bf0a182b43bd3c43d291f033aaf6c1703ffa120e076524630ac0db176ed5a366cd8c0faf5eb97d810699a92a6e9bc0dd15975edac81c0913a3c6d073c659b2261cc95e78ee01426b76ea754ad9ede7597c5742ceab5e3938bf29c628a929cd942e6de3c29d7f3d0b81345c80fdc8bba9447f727d41b0deede6bf8876f2be325ce9a98a87ef64714450441305f01b1d56a313333336f7f1c38708023478eb417d18fb23f0a9296629b7700bf037cfc7451cdabedf09b8e9dbb09f815e0758bad887ed1106d15bc6eddba791b02f2a48c4e1b8285cbac2f61a979a8dcb32e10aed8a88461cc553b4751ab6cd8722ef1e8e869ea316b117f5cee42c89d7592d32236b9d591bdd75cd9df5b58162ecbd8fde0fde0521e3c9032375be78959c347bfe1284779f6e5d98e36490fe353cfcece72f8f0e17955bd77efdef6669c88a8aab655f4df157cf23d56b9d7bc9a4e81903c329f82887f139814115435eb6643ac5dbb76de071e1f1f9f6f3ab9d886388af58d6f4bd80d4e61ae05375f68b87c4a09c29827ed1c03b5ac99dc4a75620da4c969a69265819483b8a86d112ef8c8aa4559ce7605b8a488b848567664a8425c22adcff2c4a30f63c4f2c0de84e9993afbe6848fdfee080cc4814f691b44d4edfbc61844643e9dbcfd77a3d1e0c1071fe4aebbee6a67347692f361e017805b3bb86fd5ed725925dfa1ed1d5f02fc29f09c0e320e00e954c06bd6ac992f5109cc2be063ad0de17134313fe302c3e51b153111d79c3f41886364cd24631b36e435984f970413098a14ea765d8b70a1a308ed4e22859fec92c2475e614216812866eed0010eec7e8cc008f7ec6ed06c34796256f8ebdb6d4ec8e1999db773c2ced945b3de2008a856ab6459c6bdf7decbedb7dfde7e8d652109e51dc05b0b116858653ef3a926e5ce1df2f282904745c4b63b674c4e4e72f5d557b361c386be368427e0951375332db86187e1c9db20d3806bce5fc348a4049531d66fda52c4f49e063eb3090b422e3a514b473711b4f092db7e7202596be546446157a0cac13d4fd098de4fe602bef3c80cce253c7450f8c7bb2ca127e41342d4411050abd5a8d7ebdc76db6d3cfae8a390fbcdae50cd9f005e0c1c6195f9cca77254b577440cfc19f0aae2710b04511471dd75d7b163c70e9224a1d56a1de531799cd8b362ba09576e36dcb8c39039e1d2ed136c1a0fb0c4acdbbc85a854c955e56941ca452711d3910436bfc05758176ea5ea7e684efc5144566fb0f7f147c1b638d450eedb354d84e51b8fc1a7efb75442883c219f50cb230c436ab51af7de7b2f5ff9ca57da8a3a53d5907c11f087c89351560d319f2a526eef8029e0af8067163b2a0064c78e1d5c73cd354451c4dcdcdcbc87e4719289b9013bd609df775108ce72cec6312ede3242e62c636ba7a8ad590bd6e6b7d5a89a4dd8d16f2fe8e8b957547e73594ec86a576e28842138c7e1fdfba84f1f4480efed69b0e7c01c62e033f73bbef99863a49c2fea793e3ef1aa5944181919e1f0e1c37cf2939f2449924e62fe2ef0dcd544cca76224b517f42e06fe1138bf6307f1d4a73e959d3b77d26834c8b2cc47469c4a4e93dcca182b0bcfbd2464a2ac542b25ae396f824a048455d64e6e242897f2eed8abeec2122c25645828c5e9d242a6aec03966420884c6f40c87f73d8168c27453b977d70c692be14043f8c47732f6cd29a3653c1b9f0272ae56aba469ca273ff9c976c1fface0a3ef02cf02f6b00a3ce693cd786d42be923ceb66537bc7542a156ebef966464747999b9bf364bc8a88b991813ae5e9e7455c38090ec325dbc639774399cc09d5b1b58cad5d5bb439594dcd5825b72cc42c9ceaea3aea22af04191b080292fa1c470eecc7b5e6485578e0893a4f1c98c518e15bbb1c9fff5e8a11a11aafbe7a1667939d11c731c6183ef5a94f71e8d0a14e62fe2af06ca0c1292e6e743299af3d35b80af837f29ac41608d6ae5dcb339ef10c8c31349b4d4fc8ab4d700a5807b32db86032e0693b0322714c8c56b872c704a365c199889189f5544647f337ad1a72960e6bc5ad9c320ef36cc0a4d160fae0016c730607ec3ed8e2c1ddb3589bb1bf217cfebe8cc78e3846e2bc9685f78f5717311f3e7cb8d3caf827728ff994c63107279990cf03fe2fb0b14dc8535353dc7cf3cd645946abd5f284bc2a4fe47c4e578ee08969c77d7b1da3154339c87870ef1ca933ac190971cd59e6e6ea79a07fb99cab48d73eb74fe571ed143ec7f13d0a558c31b4666739b26f2fcde97d6896f0c4e18c6f3d74843d07e66866ca6d0f3b3e7977423d51464b0bfbd1e3d423cb328c31ecd8b183471e7984344d8d88a4e496ea28f0af857a3e2536c6c91829ed2cbd0dc0e7c98b055920d8b2650b37dc7003cd66136b2d456cb23f6b563182a283493d55b6af0fb9ee9c80b1128451c0055b27d8315526108130a632ba86eac848d1f3ce9d860d5a8b8b49a18a35cb989b9ea139378da60dac0a4f1c497878cf0cb3732d3215eedde3b8fdd19499168cc4398ffb537af52ae62ccbf8c4273ed15ebf6a2be697017fc9295af89393b0fdb6a1f749e0196d0f676a6a8a1b6fbc7109219fad4af974ba1889e407742e0141b96c73c4659b0322e3a89662cedb32cef6c90a71088e98b83a426d6404532ae50cb56a09da315fb7260cf3d3d65a5acd26f59923d8561db0b452e5b1032d1ed93b4bb3d9c23ac343871c5f7f38e16043a945421c0ceeabe771eac75ca552e1c89123fcfbbfff7be794aa45de79e8dba782984f3403b617f6de0bfc7cfb4ab476ed5a9ef9cc67d26ab5e609f94c25b0335b350b9953e612a51a0b976f8e386f8321364ab91471ced4283ba6aa8c5602148384254ab5112ae50a12c620a79aa03b48d898fc26026946a3d92069cc92351b885a32e7383093f1d8813afb0fd549334b33131ed8e7b86b77caa1394739124aa1a0a857c7a71131d76a351e7ae8216ebffd7658c8fcbb13b89ebcc2dc49f5974f2429b709f9b5c0bb442455d5a8542af1dce73e17e79c0f793b436080c429cd44a996848b3746ec5c1f50099530326c98a8b2636a84c989985260503110c644719952b94a14c71006452d0a5d50d327ec0b17040c7976a2b3a44942abd9206d35509b203623758e230dcb13075bec395867a6d1c25938d2521ed8e7b8776fca6c4b29876d32f6b3a9d39598c7c6c6b8edb6db78e491473a6d8cb793d7cae8accb73da92725bf23f89bcae69d4b6319efdec6753a954da01dcfe8c388320405a90732912b6af0b396f43c044255f1fabc41153eb6a6c595b61fd484ca52420063521268c08c298302e15651ba33c1e4f6441a4b8f97f86f832e6e8b35ba5c8e2b364d692a60959d2c22609ea52701655473351a61b194f1c6cb2e7709db94682b34a33835dd38efbf75a9e3892e11c9463213692cb284f98a7f7b92b42b95ce6939ffc247373735a947a0881e7905baf27cdc69013b44d5310f1d780cbdaf3c46bafbd96cd9b37333737e733f4ce70e59c3968640e01d6d542b6af0fd8346e1889954084521c323156626aa2ccd44499d14a481c0a8131a8082a01c6e4a9d12608314184090c468285ce2f66514a9ce4f1d4ea2cd63a541dce599cb5389ba2cee60a5cf3aedd99535aa965b669d937dd62ff9126d3732d92c49239a599c2be59e5918396dd4732e65a4a1440393243671878b23e7d10c731f57a9d4f7ffad3edabbf000f9287f1364e968d712248b92df5ff00f895f654e09c73cee1eaabaf666666c613f25944ce0e4832479241140aeb4703368d074cd60ca365250c210a0ce52864a412333612b3763466a21a512a05944243140881c9d58c22088a8a20ba507d518bb3599022dc4171aae0944c214d1c8dd431d7b2cc34320ecf264cd7131acd9434cdc81ca456994960ff8c63f7b463ef7446a3a58401c4a11015aad8e3cc84738ed1d151eebefb6eeeb9e79e4e1be38f815f3a596a79a549b9fda59f0e7caea8c864aad5aa3ceb59cf3aaaa890c7d949d0adcc9166b933512b1b368c054c8d1ac62b9217e80984d0401018c2d0100786380ea99442ca5140141ac24088c3803094f9f572059c2ad63992b4b8594b9a3a9aa9a5d5cac8acc3aac3392573d04a85d94439d250f6cf3af6cf64cc351d5673bba5141842d3e19c789c15a8542a7cfad39f667676b65d550ee0a9c0d74f0631cb0a6fab1dfef6b542f23bc0dc78e38d8c8c8cf8e4108f3cd6a1c829c91ca499c33a3022946261b4645853338c96854a2c5442210e8552a0854d2cb9d58cf6a8812438cd6d0c0ba81392c213aeb794b954996939a6ebca4cd39258455d9e6d17854268245f03749e88cf46b4e397e7e6e6f8fce73f0f0bd1185f019e56f0db0925e57085c79b2d64fe556de9bf73e74ec6c7c7e7eb5978a57c76c3b2704a070251498aa92338a71c9a4bd937b3501f22400842284542644c4e9e811005100679c483ba8501e5145a99925948ad237590d9dc3fa608ec080c8481210860c4c87c549c73f936acf5c7e96c46b3d964626282eddbb7f3d0430f05c5a2df53819f033e70a2d5f24ac9d676d6de26e0bb2232a2aa12c7b13ceb59cf2249124fc61ecb52d26db423e3accbed09548b68872e997205bf8a14dd9245f2e99b59b45daf823d0611a3086118f2effffeef6459e624ef29f504702930cd092c5a14ace05872c01f0137b425ff55575d45a552214d537f943d869b3e7274b8f2c220c97de8d0e4164364842812a2b0e31608a1e4cf8b307f5bb25dbf9b3d06c039471cc7944a25f6eedd2b226281f182e73ec909ac8db1124ab95d51e94ae06b22625455d6ad5b27d75d779d2fc3e9e1e1717a0a84220dfb8b5ffc627bd14f557596bc97e8ee823f579c98574229b755f27b8a2feb0073f5d557cf5f713c3c3c3c4e475236c6303a3acae38f3fde5ee0ab0065e09f59b06d571529b70defa7007f20220a049b376f66cb962ded16df1e1e1e1ea725b22c636c6c8c83070fd26c36a5e0b8ab808f02074f04311f2f29b77360df055cd456c9575e7965be12ee55b28787c769ae9601c6c6c63ad5720cac01fe76b59172507c992b80ff29b9716c366fdecce6cd9bbd4af6f0f0382360ad65646484999919eaf5ba1111075c0efc3d795fbf602589f97848b9ed25ff0fe0c9c515c45c76d9655e257b78789c718a796c6c8c5dbb7651705d084c00ff6ba5d5f2b19272fb4b6c252fcb190166727252bc4af6f0f03813d572ad56a35eaf3337375718035c047c0c38b092c41c1cc7fb1cf0abe4a5ed2c105c74d1451863bc4af6f0f03823d5f2c8c848a7b71c0125e01f4f3529b763f3c681f789480d90d1d15139f7dc737d9de433f884f4f0f06ab9c6cccc0c8d46a3ad962f016e058eac14311f4bed8b80bc34e77f0036aaaa058273ce39076bad1fbc9ec43c3cce58a469ca39e79cc3c18307455533a046de9de45739aa40c0c9b72f1478bb886c03b4542a999d3b77fa2a701e1e5e889cf16ab95aad72e4c8115aad565b2d5f06bc0f986305b2a48363787d3ba5fabfb7c3e0b66eddcad8d8185996f933d3c3c3e38cbe38b45b47eddbb7afed2d5781fdc01758819a18cbb52fda57819f034c21dfc375ebd69124899fb67b7878123ba321222449c2f8f838d56ab51db7acaafa1ae06d40c24252dd0957caed05be2a7918dc18c0c4c4846cdab4699e943d3c3c3ccef48b5810040441c0c18307a548265907dc097ce778d5f27294727b81ef07c8e3932d104c4e4e92a6a9bfda7a78789c3568b55aac5dbb962008b079570405de0cfcf5f1da17cb55ca0afc164535b82008cc8e1d3b7cbd640f0f8fb34e2d8761ae69a7a7a74d51a8e85cf2ea71bb388ed4eb6149b96d5dac03fe44442a804c4e4ecac4c48427650f0f8fb392982b950a7bf6ec81855e7e25e0ef388e98e56149392c3ee047819f29be80d9b66d5ba77cf7f0f0f0386be09ca3542ad16c363b9349ce27efe3377dacc4bc5ca5fc5b14253aa328325bb66cf161701e1e1e67ad520628954aecdfbfbf1d1e57061e07bec44208f1b230cc425ffbc3268167170d0483356bd62022586b31c6f823e4e1e171d6214d53aad52ae5729966b3694404557d25f0a71c63c7eb619472dbbaf809e0256deb62cb962d0441e0a32e3c3c3cce6ab51c040122c2f4f4743b3c6e0af82cf020c7b0e0378c526eb7d2fee1f6fd288a7c976a0f0f0f0ff2f0b88989091e7df45154d5917bc9af21ef7abd6c0c22e5b67531063cb36d5d8c8f8f0378ebc2c3c3c3ab6555a22862eddab51c3c78302832fc7e883c9fe331161a82ac887dd196decf2e98df01666a6a8a300cbd75e1e1e1e1511073a954e2e0c1836d215b226f15f50596b9e0378c5206f8c1829c9d31c654ab55b22cf3a4ece1e1e151b806e572994aa542a3d1682ff8fd2cf0872c73c16f102967e4d5f59f5758176664640411f1dd453c3c3c3c0a38e770ceb166cd1a1a8d46dbaeb802b8be432d0f45cee100ebc29297e9bc4073596c46474771ce7995ece1e1e1d1b61444c8b28c919191b69dd15ef0fbb98294874630e039576cb4dd87cf6cdcb8d113b2c7aa843f2f3d4ef5f9174511ad56ab5d005f807380f7000d862c80df4f29b7fd89e7b42f06e5729920087c289c8787874717586b191f1f677a7a5a8a56791b801f023ecc42a5cd6322e5765af506e02985696d6ab51aaa8aaafab64f1e5edd7a782c429aa6542a95c535815e5e90f2500b71bd48d91476c5d380b17673d45aad36ff417e30797878782c151922c2f8f838070f1e6c17247a067001701f43c42cf753ca00cf6b7f963186388e7d45380f0f0f3f9b1aa096c7c6c6da31cb1910033f455ed0ed9849d9166f7e665b3957ab550a1bc39f251e1e1e1ebdc8d35adaa5288af038809f067ea7e0d6be3dfcc21ed685032e242fd3394fca3e14cec3c3c363309c738c8e8e76c62c5f04dc047c9a057b78d9a47c53f17c0684a552096bad27650f0f0f8f01c8b28c6ab53acfd105afbe0cf8f741efed46ca6dd6fdbef91785216118fa82f61e1e1e1e43c21843ad56636e6eae9d0ff242f2967a07e863612c4e1e6987c29581df07c6016ab59a542a159f5aede1e1e13124dacd55676767db458aaac0ddc01d852076c328e5b6d7710579268a02a65c2e7b3fd9c3c3c36319682ff82d8a59fe39e0fdf489c008bb28655888bab040d80e85f3a4ece1e1e1313c44849191118e1c39d22e83fc74f245bf7be8111ed7adf68502bf4e1eecac711c9b9191116f5d787878781c038220607676b62d7223603ff0197ad4599645f7159800ee2737a475747454c6c7c7fd229f878787c73192f2be7dfb4892a41d857137b9456c3b84f03c3aed8bb69f7c6d41c80e30debaf0f0f0f0387638e7a8d56a2449d2b62b2e26b731da6ad9f622e5b66a7e767b5b2262a228f2a9d51e1e1e1ec7086b2d711ccf737421805f5a90f21274b32fbe445e2ddfc6711cac5dbbd693b2878787c771200c430e1f3e4ca3d1d0826bf793afdb1d6651cc72b08890b700bf4d6e464ba55291288ae6cb757a787878781c1b8c31349bcd76ccf2087017f02d16c52c871de49c9197eaac146f0a4ea475e149dec3c3e36c81b596300c3b639695dcc258526779719c72db4f56630c61189ef1a170fee2e0e1e171b2b8a6542a51afd7db95e36e0676020fd011b3dc26655ba8e567b4957618864b48cb1398878787c7b193721cc7d4ebf5769de512f062e0773b49593afeb814f866f137b55a4ddae9d51e1e67fb60f2f058091863989e9e26cbb27614c6b781ab0a0ed6b6526e93f27359f096c3300c7dd485878787c70a238e63b22c6bf3ee65c08dc0670bfeb59dab7ecf2ffe9720087c97110f0f0f8f159e4da92a5114b5ff6cabe557d011b3dc8e535e476e368f015a2a957ca94e0f0f0f8f1300630cf57a9d2449da31cb87c93b3ded0324281e7c0e791b6c4b51aad3c3c3c3c3e3c4a86a630c699ab617fcaa8528fe1a1086e4e6f20b8bff554430c678ebc2c3c3c3e304aae5c2226ebb15af04de0d58014681ef005b01174591f151171e1e1e1e2796949324a1d56ac182b77c3df0d590dcbad8da7ec2475d787878789c58586b0982f972f66d527e0df015013e06bc08b0c698a05c2e7bebc2c3c3c3e324a8e556ab4596659d0b7e9706c05f92c7c719112108024fca1e1e1e1e27186d9eb5d67636563d2cc011f2503807982008685786f3f0f0f0f0387110115aad169a13ae028f0b700df08fc0e682ad837631220f0f0f0f8f13a794adb5eda08ab6af3c9f3c7239f06fc0c64e62ee30a23d3c3c3c3c5698900b4722232f793103fc92147f6405317f02d8d426e6b6c7ece1e1e1e1b1b2845ca04dc877013f0bdcd956ca6d62beb420e62d9dc46c8cf17bd2c3c3c3630508b9b02b94dcb208808f02af05a681b0b3475f9b982f2988796b27318b88dfa31e1e1e1ec741c8855d31ef1f03ff0df82fc5fd8022a38f2ec47c6141cce7b6e5b527650f0f0f8f6327e402ed86222de0d5c0adc5dff3f594bb316d50bcf13cf2c5bf1d2cf81e5e319fba83e9e1e1717aa3cda34f003f495e43b92d84e7d18b61dbc47c2ef0bfc9170153f22ed71e1e1e1e1ec746c8df047e02b8bf1b21c382afb1186d89fd30f02ce08b0521677edf7a7878780c3fd92df83424cf0779663f42ee47ca9dc4bc1f781ef0d7c5862c8b5a627b7878787874e5502978f40fc94b241f2e78b7a7c01d1484acc50612e0e3c5eb6f2e3ec80e20750f0f0f8fb3156dbb620e783df07b1d7cd977a16898cc90760523037c0af86e21c1478b0f167a7bd31e1e1e1e6713da511401707ba18eff4f41d06e10210f4bca9de41c02df222ff7793e794cb37872f6f0f038cbd1f68edb2df6de01fc34f0187dfce3e325e5f6552020f7453e02ec05ae25af32e7c9d9c3c3e36c54c66d3236e47df67e06f873f28835533c3f348ea5b045db6716e036e0ff03cac09540cc82dfecc9d9c3c3e34c55c5ae83070db00bf82df2ee210f7470ebb2130d8e9734838eabc0c5c09b8197006bfd71f3f0f0380b703bf001e043c0c12ebcb86cac84929545127d07f0f2e2b66d053fc7c3c3c3e354c301f790073dfc2df01916fce276c8f071a5e1feff0168a7079b7daee3f90000000049454e44ae426082);
INSERT INTO `Users` (`user_id`, `first_name`, `last_name`, `email`, `password`, `role_id`, `date_added`, `added_by`, `status_bit`, `user_picture`) VALUES
(22, 'Himanshu', 'Yadav22', 'himanshu22@gmail.com', 'Himanshu1!', 2, '2019-07-26', '1', 1, NULL);

-- --------------------------------------------------------

--
-- Table structure for table `UsersVsSkills`
--

CREATE TABLE `UsersVsSkills` (
  `user_id` int(11) NOT NULL,
  `skill_id` int(11) NOT NULL
) ENGINE=InnoDB DEFAULT CHARSET=latin1;

--
-- Dumping data for table `UsersVsSkills`
--

INSERT INTO `UsersVsSkills` (`user_id`, `skill_id`) VALUES
(2, 2),
(4, 5),
(5, 2),
(6, 3),
(7, 4),
(8, 4),
(9, 2),
(10, 1),
(11, 3),
(1, 1),
(3, 2),
(5, 3),
(7, 2),
(3, 1),
(12, 3),
(13, 4),
(14, 2),
(15, 5),
(16, 3),
(13, 1);

--
-- Indexes for dumped tables
--

--
-- Indexes for table `Alerts`
--
ALTER TABLE `Alerts`
  ADD PRIMARY KEY (`alert_id`);

--
-- Indexes for table `Alert_Type`
--
ALTER TABLE `Alert_Type`
  ADD PRIMARY KEY (`alert_type_id`);

--
-- Indexes for table `Articles`
--
ALTER TABLE `Articles`
  ADD PRIMARY KEY (`article_id`);

--
-- Indexes for table `Menu`
--
ALTER TABLE `Menu`
  ADD PRIMARY KEY (`menu_items`(30)),
  ADD KEY `id` (`id`);

--
-- Indexes for table `Messages`
--
ALTER TABLE `Messages`
  ADD PRIMARY KEY (`message_id`);

--
-- Indexes for table `Roles`
--
ALTER TABLE `Roles`
  ADD PRIMARY KEY (`role_id`);

--
-- Indexes for table `Skills`
--
ALTER TABLE `Skills`
  ADD PRIMARY KEY (`skill_id`);

--
-- Indexes for table `Topics`
--
ALTER TABLE `Topics`
  ADD PRIMARY KEY (`topic_id`);

--
-- Indexes for table `Treatment_tracks`
--
ALTER TABLE `Treatment_tracks`
  ADD PRIMARY KEY (`treatment_track_id`);

--
-- Indexes for table `Users`
--
ALTER TABLE `Users`
  ADD PRIMARY KEY (`user_id`),
  ADD UNIQUE KEY `email` (`email`);

--
-- AUTO_INCREMENT for dumped tables
--

--
-- AUTO_INCREMENT for table `Alerts`
--
ALTER TABLE `Alerts`
  MODIFY `alert_id` int(11) NOT NULL AUTO_INCREMENT, AUTO_INCREMENT=18;
--
-- AUTO_INCREMENT for table `Alert_Type`
--
ALTER TABLE `Alert_Type`
  MODIFY `alert_type_id` int(11) NOT NULL AUTO_INCREMENT, AUTO_INCREMENT=8;
--
-- AUTO_INCREMENT for table `Articles`
--
ALTER TABLE `Articles`
  MODIFY `article_id` int(11) NOT NULL AUTO_INCREMENT, AUTO_INCREMENT=21;
--
-- AUTO_INCREMENT for table `Menu`
--
ALTER TABLE `Menu`
  MODIFY `id` int(11) NOT NULL AUTO_INCREMENT, AUTO_INCREMENT=13;
--
-- AUTO_INCREMENT for table `Messages`
--
ALTER TABLE `Messages`
  MODIFY `message_id` int(11) NOT NULL AUTO_INCREMENT, AUTO_INCREMENT=23;
--
-- AUTO_INCREMENT for table `Roles`
--
ALTER TABLE `Roles`
  MODIFY `role_id` int(11) NOT NULL AUTO_INCREMENT, AUTO_INCREMENT=4;
--
-- AUTO_INCREMENT for table `Skills`
--
ALTER TABLE `Skills`
  MODIFY `skill_id` int(11) NOT NULL AUTO_INCREMENT, AUTO_INCREMENT=6;
--
-- AUTO_INCREMENT for table `Topics`
--
ALTER TABLE `Topics`
  MODIFY `topic_id` int(11) NOT NULL AUTO_INCREMENT, AUTO_INCREMENT=11;
--
-- AUTO_INCREMENT for table `Treatment_tracks`
--
ALTER TABLE `Treatment_tracks`
  MODIFY `treatment_track_id` int(11) NOT NULL AUTO_INCREMENT, AUTO_INCREMENT=11;
--
-- AUTO_INCREMENT for table `Users`
--
ALTER TABLE `Users`
  MODIFY `user_id` int(11) NOT NULL AUTO_INCREMENT, AUTO_INCREMENT=23;
/*!40101 SET CHARACTER_SET_CLIENT=@OLD_CHARACTER_SET_CLIENT */;
/*!40101 SET CHARACTER_SET_RESULTS=@OLD_CHARACTER_SET_RESULTS */;
/*!40101 SET COLLATION_CONNECTION=@OLD_COLLATION_CONNECTION */;
